law_id,law_title,total_hits,distinct_concepts,has_digital_alt_provision,concepts
325AC0000000226,地方税法,408,22,True,C09_keitai_teiji:87;C03_shomen_kofu:58;C13_baitai_shitei:43;C06_sonaeoki_etsuran:38;C18_jisan_madoguchi:33;C22_techo_shohyo:31;C02_jicchi_kakunin:26;C14_yubin_sotatsu:20;C17_keiyu_teishutsu:19;C21_buppin_hyoji:13;C05_oin_shomei:8;C08_kokoku_gentei:6;C01_taimen_shutto:5;C20_shozaichi_kankatsu:4;C23_kyotaku_hoshokin:3;C07_butsuri_keiji:3;C04_genpon_fukusuu:3;C11_teiki_kensa:3;C15_koto_yomikikase:2;C25_kenmen_shoken:1;C12_taimen_koshu:1;C19_kaigitai_kaisai:1
326CO0000000319,出入国管理及び難民認定法,204,22,True,C18_jisan_madoguchi:36;C01_taimen_shutto:33;C03_shomen_kofu:31;C22_techo_shohyo:15;C02_jicchi_kakunin:15;C21_buppin_hyoji:12;C05_oin_shomei:10;C06_sonaeoki_etsuran:8;C09_keitai_teiji:7;C17_keiyu_teishutsu:5;C14_yubin_sotatsu:5;C13_baitai_shitei:4;C20_shozaichi_kankatsu:4;C15_koto_yomikikase:4;C04_genpon_fukusuu:4;C12_taimen_koshu:3;C08_kokoku_gentei:3;C10_jochu_sennin:1;C11_teiki_kensa:1;C19_kaigitai_kaisai:1;C23_kyotaku_hoshokin:1;C07_butsuri_keiji:1
323AC0000000025,金融商品取引法,512,21,True,C03_shomen_kofu:168;C06_sonaeoki_etsuran:80;C25_kenmen_shoken:65;C01_taimen_shutto:33;C04_genpon_fukusuu:25;C08_kokoku_gentei:23;C19_kaigitai_kaisai:21;C20_shozaichi_kankatsu:17;C02_jicchi_kakunin:15;C13_baitai_shitei:10;C10_jochu_sennin:10;C14_yubin_sotatsu:9;C18_jisan_madoguchi:8;C05_oin_shomei:7;C07_butsuri_keiji:6;C23_kyotaku_hoshokin:5;C09_keitai_teiji:3;C11_teiki_kensa:2;C17_keiyu_teishutsu:2;C22_techo_shohyo:2;C15_koto_yomikikase:1
325AC1000000100,公職選挙法,237,21,True,C07_butsuri_keiji:39;C03_shomen_kofu:36;C01_taimen_shutto:29;C14_yubin_sotatsu:18;C18_jisan_madoguchi:17;C08_kokoku_gentei:16;C04_genpon_fukusuu:15;C06_sonaeoki_etsuran:13;C13_baitai_shitei:11;C24_kuji_hassochakusho:8;C09_keitai_teiji:7;C05_oin_shomei:7;C23_kyotaku_hoshokin:4;C21_buppin_hyoji:4;C17_keiyu_teishutsu:3;C12_taimen_koshu:3;C20_shozaichi_kankatsu:2;C22_techo_shohyo:2;C11_teiki_kensa:1;C15_koto_yomikikase:1;C10_jochu_sennin:1
322AC0000000067,地方自治法,161,19,True,C19_kaigitai_kaisai:32;C03_shomen_kofu:28;C01_taimen_shutto:22;C20_shozaichi_kankatsu:18;C05_oin_shomei:14;C02_jicchi_kakunin:9;C06_sonaeoki_etsuran:8;C18_jisan_madoguchi:6;C17_keiyu_teishutsu:4;C08_kokoku_gentei:4;C09_keitai_teiji:3;C14_yubin_sotatsu:3;C13_baitai_shitei:2;C24_kuji_hassochakusho:2;C04_genpon_fukusuu:2;C22_techo_shohyo:1;C10_jochu_sennin:1;C21_buppin_hyoji:1;C11_teiki_kensa:1
407AC0000000105,保険業法,273,18,True,C06_sonaeoki_etsuran:46;C03_shomen_kofu:41;C04_genpon_fukusuu:35;C20_shozaichi_kankatsu:28;C08_kokoku_gentei:27;C19_kaigitai_kaisai:27;C23_kyotaku_hoshokin:17;C01_taimen_shutto:13;C02_jicchi_kakunin:13;C25_kenmen_shoken:9;C05_oin_shomei:4;C18_jisan_madoguchi:3;C07_butsuri_keiji:3;C13_baitai_shitei:2;C10_jochu_sennin:2;C14_yubin_sotatsu:1;C09_keitai_teiji:1;C22_techo_shohyo:1
337AC0000000066,国税通則法,124,18,True,C03_shomen_kofu:21;C14_yubin_sotatsu:19;C02_jicchi_kakunin:17;C09_keitai_teiji:8;C04_genpon_fukusuu:8;C16_inshi_genkin:7;C06_sonaeoki_etsuran:7;C01_taimen_shutto:7;C15_koto_yomikikase:6;C18_jisan_madoguchi:5;C05_oin_shomei:5;C20_shozaichi_kankatsu:3;C13_baitai_shitei:3;C17_keiyu_teishutsu:3;C23_kyotaku_hoshokin:2;C07_butsuri_keiji:1;C08_kokoku_gentei:1;C22_techo_shohyo:1
324AC0000000181,中小企業等協同組合法,117,17,True,C03_shomen_kofu:25;C19_kaigitai_kaisai:20;C06_sonaeoki_etsuran:16;C20_shozaichi_kankatsu:15;C08_kokoku_gentei:10;C01_taimen_shutto:7;C04_genpon_fukusuu:6;C18_jisan_madoguchi:4;C25_kenmen_shoken:2;C02_jicchi_kakunin:2;C22_techo_shohyo:2;C13_baitai_shitei:2;C05_oin_shomei:2;C07_butsuri_keiji:1;C09_keitai_teiji:1;C11_teiki_kensa:1;C23_kyotaku_hoshokin:1
322AC0000000132,農業協同組合法,116,17,True,C03_shomen_kofu:28;C19_kaigitai_kaisai:21;C06_sonaeoki_etsuran:16;C01_taimen_shutto:10;C04_genpon_fukusuu:9;C08_kokoku_gentei:9;C20_shozaichi_kankatsu:5;C13_baitai_shitei:3;C05_oin_shomei:3;C18_jisan_madoguchi:3;C10_jochu_sennin:2;C07_butsuri_keiji:2;C25_kenmen_shoken:1;C02_jicchi_kakunin:1;C09_keitai_teiji:1;C11_teiki_kensa:1;C23_kyotaku_hoshokin:1
322AC0000000054,昭和二十二年法律第五十四号（私的独占の禁止及び公正取引の確保に関する法律）,100,17,True,C03_shomen_kofu:20;C01_taimen_shutto:18;C14_yubin_sotatsu:12;C02_jicchi_kakunin:11;C05_oin_shomei:9;C04_genpon_fukusuu:7;C06_sonaeoki_etsuran:4;C19_kaigitai_kaisai:4;C13_baitai_shitei:3;C17_keiyu_teishutsu:2;C23_kyotaku_hoshokin:2;C20_shozaichi_kankatsu:2;C09_keitai_teiji:2;C07_butsuri_keiji:1;C08_kokoku_gentei:1;C18_jisan_madoguchi:1;C22_techo_shohyo:1
329AC0000000119,土地区画整理法,74,17,True,C06_sonaeoki_etsuran:18;C17_keiyu_teishutsu:13;C03_shomen_kofu:8;C19_kaigitai_kaisai:6;C05_oin_shomei:4;C18_jisan_madoguchi:3;C02_jicchi_kakunin:3;C09_keitai_teiji:3;C23_kyotaku_hoshokin:3;C13_baitai_shitei:2;C01_taimen_shutto:2;C20_shozaichi_kankatsu:2;C08_kokoku_gentei:2;C22_techo_shohyo:2;C04_genpon_fukusuu:1;C07_butsuri_keiji:1;C14_yubin_sotatsu:1
334AC0000000147,国税徴収法,53,17,True,C14_yubin_sotatsu:10;C18_jisan_madoguchi:9;C03_shomen_kofu:8;C04_genpon_fukusuu:4;C21_buppin_hyoji:3;C01_taimen_shutto:3;C24_kuji_hassochakusho:3;C05_oin_shomei:2;C23_kyotaku_hoshokin:2;C09_keitai_teiji:2;C25_kenmen_shoken:1;C07_butsuri_keiji:1;C08_kokoku_gentei:1;C20_shozaichi_kankatsu:1;C16_inshi_genkin:1;C13_baitai_shitei:1;C06_sonaeoki_etsuran:1
328AC0000000206,社会保険審査官及び社会保険審査会法,34,17,True,C01_taimen_shutto:6;C03_shomen_kofu:4;C04_genpon_fukusuu:3;C14_yubin_sotatsu:2;C15_koto_yomikikase:2;C02_jicchi_kakunin:2;C09_keitai_teiji:2;C22_techo_shohyo:2;C06_sonaeoki_etsuran:2;C05_oin_shomei:2;C20_shozaichi_kankatsu:1;C17_keiyu_teishutsu:1;C13_baitai_shitei:1;C18_jisan_madoguchi:1;C07_butsuri_keiji:1;C08_kokoku_gentei:1;C19_kaigitai_kaisai:1
417AC0000000086,会社法,479,16,True,C25_kenmen_shoken:98;C03_shomen_kofu:76;C19_kaigitai_kaisai:63;C06_sonaeoki_etsuran:54;C01_taimen_shutto:40;C20_shozaichi_kankatsu:35;C04_genpon_fukusuu:28;C08_kokoku_gentei:24;C18_jisan_madoguchi:21;C05_oin_shomei:15;C14_yubin_sotatsu:11;C23_kyotaku_hoshokin:6;C09_keitai_teiji:4;C13_baitai_shitei:2;C11_teiki_kensa:1;C02_jicchi_kakunin:1
335AC0000000105,道路交通法,206,16,True,C12_taimen_koshu:40;C20_shozaichi_kankatsu:30;C22_techo_shohyo:27;C03_shomen_kofu:26;C18_jisan_madoguchi:24;C09_keitai_teiji:18;C01_taimen_shutto:10;C07_butsuri_keiji:9;C02_jicchi_kakunin:9;C13_baitai_shitei:3;C17_keiyu_teishutsu:3;C10_jochu_sennin:2;C11_teiki_kensa:2;C14_yubin_sotatsu:1;C06_sonaeoki_etsuran:1;C05_oin_shomei:1
408AC0000000109,民事訴訟法,206,16,True,C14_yubin_sotatsu:44;C03_shomen_kofu:43;C01_taimen_shutto:36;C19_kaigitai_kaisai:20;C04_genpon_fukusuu:14;C20_shozaichi_kankatsu:11;C06_sonaeoki_etsuran:10;C15_koto_yomikikase:7;C13_baitai_shitei:5;C07_butsuri_keiji:5;C23_kyotaku_hoshokin:3;C18_jisan_madoguchi:2;C10_jochu_sennin:2;C05_oin_shomei:2;C08_kokoku_gentei:1;C02_jicchi_kakunin:1
329AC0000000061,関税法,162,16,True,C14_yubin_sotatsu:40;C03_shomen_kofu:25;C09_keitai_teiji:17;C02_jicchi_kakunin:16;C13_baitai_shitei:11;C23_kyotaku_hoshokin:10;C06_sonaeoki_etsuran:9;C01_taimen_shutto:9;C18_jisan_madoguchi:6;C16_inshi_genkin:5;C20_shozaichi_kankatsu:4;C15_koto_yomikikase:3;C05_oin_shomei:3;C22_techo_shohyo:2;C21_buppin_hyoji:1;C04_genpon_fukusuu:1
327AC1000000176,宅地建物取引業法,111,16,True,C12_taimen_koshu:20;C23_kyotaku_hoshokin:16;C03_shomen_kofu:14;C18_jisan_madoguchi:12;C06_sonaeoki_etsuran:10;C09_keitai_teiji:8;C20_shozaichi_kankatsu:7;C02_jicchi_kakunin:5;C10_jochu_sennin:5;C08_kokoku_gentei:4;C22_techo_shohyo:3;C04_genpon_fukusuu:2;C07_butsuri_keiji:2;C13_baitai_shitei:1;C17_keiyu_teishutsu:1;C05_oin_shomei:1
322AC0000000100,船員法,110,16,True,C12_taimen_koshu:25;C03_shomen_kofu:18;C06_sonaeoki_etsuran:16;C22_techo_shohyo:12;C18_jisan_madoguchi:10;C02_jicchi_kakunin:5;C07_butsuri_keiji:4;C01_taimen_shutto:4;C09_keitai_teiji:3;C21_buppin_hyoji:3;C11_teiki_kensa:2;C10_jochu_sennin:2;C04_genpon_fukusuu:2;C08_kokoku_gentei:2;C13_baitai_shitei:1;C20_shozaichi_kankatsu:1
409AC0000000123,介護保険法,107,16,True,C01_taimen_shutto:35;C02_jicchi_kakunin:26;C22_techo_shohyo:10;C06_sonaeoki_etsuran:7;C18_jisan_madoguchi:5;C03_shomen_kofu:5;C17_keiyu_teishutsu:4;C20_shozaichi_kankatsu:4;C09_keitai_teiji:3;C12_taimen_koshu:2;C16_inshi_genkin:1;C10_jochu_sennin:1;C04_genpon_fukusuu:1;C13_baitai_shitei:1;C08_kokoku_gentei:1;C15_koto_yomikikase:1
129AC0000000089,民法,102,16,True,C18_jisan_madoguchi:26;C23_kyotaku_hoshokin:17;C01_taimen_shutto:13;C03_shomen_kofu:11;C05_oin_shomei:10;C15_koto_yomikikase:5;C06_sonaeoki_etsuran:4;C08_kokoku_gentei:3;C14_yubin_sotatsu:3;C10_jochu_sennin:3;C21_buppin_hyoji:2;C20_shozaichi_kankatsu:1;C07_butsuri_keiji:1;C13_baitai_shitei:1;C09_keitai_teiji:1;C11_teiki_kensa:1
326AC0100000219,土地収用法,91,16,False,C03_shomen_kofu:17;C06_sonaeoki_etsuran:16;C14_yubin_sotatsu:10;C18_jisan_madoguchi:8;C02_jicchi_kakunin:7;C04_genpon_fukusuu:6;C23_kyotaku_hoshokin:6;C01_taimen_shutto:5;C05_oin_shomei:4;C22_techo_shohyo:3;C10_jochu_sennin:2;C20_shozaichi_kankatsu:2;C09_keitai_teiji:2;C11_teiki_kensa:1;C08_kokoku_gentei:1;C15_koto_yomikikase:1
409AC0000000049,密集市街地における防災街区の整備の促進に関する法律,81,16,True,C06_sonaeoki_etsuran:18;C19_kaigitai_kaisai:14;C03_shomen_kofu:10;C01_taimen_shutto:7;C02_jicchi_kakunin:6;C20_shozaichi_kankatsu:6;C18_jisan_madoguchi:5;C09_keitai_teiji:2;C13_baitai_shitei:2;C04_genpon_fukusuu:2;C05_oin_shomei:2;C08_kokoku_gentei:2;C23_kyotaku_hoshokin:2;C17_keiyu_teishutsu:1;C14_yubin_sotatsu:1;C07_butsuri_keiji:1
323AC0000000103,公認会計士法,80,16,True,C03_shomen_kofu:13;C01_taimen_shutto:10;C06_sonaeoki_etsuran:8;C08_kokoku_gentei:7;C02_jicchi_kakunin:7;C14_yubin_sotatsu:7;C04_genpon_fukusuu:6;C19_kaigitai_kaisai:4;C20_shozaichi_kankatsu:3;C23_kyotaku_hoshokin:3;C09_keitai_teiji:3;C22_techo_shohyo:3;C13_baitai_shitei:2;C12_taimen_koshu:2;C05_oin_shomei:1;C07_butsuri_keiji:1
430AC0000000080,特定複合観光施設区域整備法,56,16,True,C03_shomen_kofu:10;C02_jicchi_kakunin:10;C18_jisan_madoguchi:5;C06_sonaeoki_etsuran:5;C23_kyotaku_hoshokin:5;C07_butsuri_keiji:4;C22_techo_shohyo:3;C21_buppin_hyoji:3;C13_baitai_shitei:2;C09_keitai_teiji:2;C14_yubin_sotatsu:2;C19_kaigitai_kaisai:1;C11_teiki_kensa:1;C05_oin_shomei:1;C17_keiyu_teishutsu:1;C04_genpon_fukusuu:1
323AC0000000131,刑事訴訟法,243,15,True,C01_taimen_shutto:81;C03_shomen_kofu:41;C04_genpon_fukusuu:26;C06_sonaeoki_etsuran:19;C14_yubin_sotatsu:15;C05_oin_shomei:15;C19_kaigitai_kaisai:15;C15_koto_yomikikase:11;C13_baitai_shitei:8;C20_shozaichi_kankatsu:5;C22_techo_shohyo:2;C09_keitai_teiji:2;C24_kuji_hassochakusho:1;C18_jisan_madoguchi:1;C08_kokoku_gentei:1
354AC0000000004,民事執行法,185,15,True,C14_yubin_sotatsu:31;C04_genpon_fukusuu:31;C03_shomen_kofu:26;C23_kyotaku_hoshokin:20;C18_jisan_madoguchi:18;C20_shozaichi_kankatsu:17;C01_taimen_shutto:10;C09_keitai_teiji:7;C02_jicchi_kakunin:6;C19_kaigitai_kaisai:6;C06_sonaeoki_etsuran:4;C07_butsuri_keiji:3;C25_kenmen_shoken:3;C21_buppin_hyoji:2;C05_oin_shomei:1
334AC0000000121,特許法,130,15,True,C03_shomen_kofu:36;C14_yubin_sotatsu:34;C04_genpon_fukusuu:30;C13_baitai_shitei:6;C06_sonaeoki_etsuran:6;C01_taimen_shutto:4;C16_inshi_genkin:3;C09_keitai_teiji:2;C23_kyotaku_hoshokin:2;C02_jicchi_kakunin:2;C11_teiki_kensa:1;C19_kaigitai_kaisai:1;C21_buppin_hyoji:1;C07_butsuri_keiji:1;C08_kokoku_gentei:1
325AC0000000131,電波法,100,15,True,C03_shomen_kofu:24;C12_taimen_koshu:22;C06_sonaeoki_etsuran:18;C01_taimen_shutto:8;C02_jicchi_kakunin:7;C21_buppin_hyoji:5;C04_genpon_fukusuu:4;C09_keitai_teiji:3;C11_teiki_kensa:2;C19_kaigitai_kaisai:2;C13_baitai_shitei:1;C16_inshi_genkin:1;C17_keiyu_teishutsu:1;C22_techo_shohyo:1;C20_shozaichi_kankatsu:1
326AC0000000204,高圧ガス保安法,96,15,True,C18_jisan_madoguchi:23;C03_shomen_kofu:15;C21_buppin_hyoji:15;C12_taimen_koshu:8;C22_techo_shohyo:8;C07_butsuri_keiji:8;C09_keitai_teiji:4;C06_sonaeoki_etsuran:4;C04_genpon_fukusuu:3;C11_teiki_kensa:2;C02_jicchi_kakunin:2;C17_keiyu_teishutsu:1;C19_kaigitai_kaisai:1;C01_taimen_shutto:1;C08_kokoku_gentei:1
327AC0000000231,航空法,96,15,True,C12_taimen_koshu:19;C06_sonaeoki_etsuran:14;C09_keitai_teiji:13;C02_jicchi_kakunin:11;C08_kokoku_gentei:8;C04_genpon_fukusuu:5;C22_techo_shohyo:5;C03_shomen_kofu:5;C07_butsuri_keiji:4;C21_buppin_hyoji:3;C11_teiki_kensa:2;C01_taimen_shutto:2;C18_jisan_madoguchi:2;C14_yubin_sotatsu:2;C13_baitai_shitei:1
419AC1000000051,日本国憲法の改正手続に関する法律,96,15,True,C01_taimen_shutto:24;C04_genpon_fukusuu:18;C13_baitai_shitei:11;C03_shomen_kofu:8;C06_sonaeoki_etsuran:6;C17_keiyu_teishutsu:5;C14_yubin_sotatsu:5;C08_kokoku_gentei:4;C05_oin_shomei:4;C18_jisan_madoguchi:3;C09_keitai_teiji:3;C07_butsuri_keiji:2;C12_taimen_koshu:1;C22_techo_shohyo:1;C24_kuji_hassochakusho:1
324AC0000000100,建設業法,85,15,True,C12_taimen_koshu:25;C03_shomen_kofu:10;C06_sonaeoki_etsuran:10;C18_jisan_madoguchi:8;C02_jicchi_kakunin:6;C10_jochu_sennin:5;C09_keitai_teiji:4;C01_taimen_shutto:4;C07_butsuri_keiji:3;C13_baitai_shitei:3;C20_shozaichi_kankatsu:2;C08_kokoku_gentei:2;C05_oin_shomei:1;C17_keiyu_teishutsu:1;C04_genpon_fukusuu:1
324AC0000000195,土地改良法,85,15,True,C19_kaigitai_kaisai:23;C03_shomen_kofu:14;C06_sonaeoki_etsuran:13;C20_shozaichi_kankatsu:9;C01_taimen_shutto:5;C18_jisan_madoguchi:5;C08_kokoku_gentei:3;C05_oin_shomei:2;C13_baitai_shitei:2;C04_genpon_fukusuu:2;C23_kyotaku_hoshokin:2;C09_keitai_teiji:2;C10_jochu_sennin:1;C14_yubin_sotatsu:1;C22_techo_shohyo:1
325AC0000000201,建築基準法,66,15,False,C06_sonaeoki_etsuran:17;C18_jisan_madoguchi:13;C03_shomen_kofu:9;C02_jicchi_kakunin:6;C01_taimen_shutto:5;C07_butsuri_keiji:3;C12_taimen_koshu:2;C22_techo_shohyo:2;C09_keitai_teiji:2;C21_buppin_hyoji:2;C13_baitai_shitei:1;C11_teiki_kensa:1;C17_keiyu_teishutsu:1;C04_genpon_fukusuu:1;C20_shozaichi_kankatsu:1
344AC0000000038,都市再開発法,66,15,True,C06_sonaeoki_etsuran:15;C03_shomen_kofu:10;C19_kaigitai_kaisai:8;C23_kyotaku_hoshokin:6;C18_jisan_madoguchi:5;C20_shozaichi_kankatsu:4;C09_keitai_teiji:3;C17_keiyu_teishutsu:3;C02_jicchi_kakunin:3;C05_oin_shomei:2;C13_baitai_shitei:2;C01_taimen_shutto:2;C08_kokoku_gentei:1;C04_genpon_fukusuu:1;C14_yubin_sotatsu:1
323AC1000000186,消防法,62,15,True,C02_jicchi_kakunin:14;C09_keitai_teiji:9;C18_jisan_madoguchi:7;C06_sonaeoki_etsuran:6;C03_shomen_kofu:5;C21_buppin_hyoji:4;C12_taimen_koshu:4;C11_teiki_kensa:3;C22_techo_shohyo:2;C01_taimen_shutto:2;C10_jochu_sennin:2;C20_shozaichi_kankatsu:1;C07_butsuri_keiji:1;C04_genpon_fukusuu:1;C13_baitai_shitei:1
332AC0000000167,放射性同位元素等の規制に関する法律,62,15,True,C12_taimen_koshu:26;C02_jicchi_kakunin:8;C06_sonaeoki_etsuran:7;C10_jochu_sennin:4;C22_techo_shohyo:3;C11_teiki_kensa:3;C18_jisan_madoguchi:2;C03_shomen_kofu:2;C21_buppin_hyoji:1;C04_genpon_fukusuu:1;C13_baitai_shitei:1;C09_keitai_teiji:1;C08_kokoku_gentei:1;C17_keiyu_teishutsu:1;C01_taimen_shutto:1
347AC0000000057,労働安全衛生法,58,15,True,C12_taimen_koshu:12;C01_taimen_shutto:9;C03_shomen_kofu:8;C02_jicchi_kakunin:8;C06_sonaeoki_etsuran:5;C21_buppin_hyoji:3;C22_techo_shohyo:3;C04_genpon_fukusuu:2;C09_keitai_teiji:2;C11_teiki_kensa:1;C13_baitai_shitei:1;C18_jisan_madoguchi:1;C15_koto_yomikikase:1;C07_butsuri_keiji:1;C08_kokoku_gentei:1
328AC0000000007,酒税の保全及び酒類業組合等に関する法律,56,15,True,C03_shomen_kofu:11;C20_shozaichi_kankatsu:10;C19_kaigitai_kaisai:9;C01_taimen_shutto:5;C06_sonaeoki_etsuran:5;C05_oin_shomei:2;C04_genpon_fukusuu:2;C13_baitai_shitei:2;C09_keitai_teiji:2;C22_techo_shohyo:2;C08_kokoku_gentei:2;C07_butsuri_keiji:1;C12_taimen_koshu:1;C02_jicchi_kakunin:1;C18_jisan_madoguchi:1
344AC0000000064,職業能力開発促進法,55,15,True,C12_taimen_koshu:11;C06_sonaeoki_etsuran:8;C19_kaigitai_kaisai:6;C22_techo_shohyo:4;C02_jicchi_kakunin:4;C03_shomen_kofu:3;C09_keitai_teiji:3;C08_kokoku_gentei:3;C01_taimen_shutto:3;C18_jisan_madoguchi:3;C13_baitai_shitei:2;C20_shozaichi_kankatsu:2;C21_buppin_hyoji:1;C10_jochu_sennin:1;C04_genpon_fukusuu:1
342AC0000000149,液化石油ガスの保安の確保及び取引の適正化に関する法律,51,15,True,C18_jisan_madoguchi:8;C06_sonaeoki_etsuran:7;C20_shozaichi_kankatsu:6;C03_shomen_kofu:5;C12_taimen_koshu:4;C04_genpon_fukusuu:3;C22_techo_shohyo:3;C09_keitai_teiji:3;C02_jicchi_kakunin:3;C13_baitai_shitei:2;C07_butsuri_keiji:2;C21_buppin_hyoji:2;C05_oin_shomei:1;C11_teiki_kensa:1;C08_kokoku_gentei:1
326AC1000000237,税理士法,50,15,True,C03_shomen_kofu:11;C20_shozaichi_kankatsu:7;C22_techo_shohyo:5;C17_keiyu_teishutsu:5;C08_kokoku_gentei:5;C04_genpon_fukusuu:3;C06_sonaeoki_etsuran:3;C01_taimen_shutto:2;C05_oin_shomei:2;C18_jisan_madoguchi:2;C13_baitai_shitei:1;C16_inshi_genkin:1;C09_keitai_teiji:1;C12_taimen_koshu:1;C10_jochu_sennin:1
211AC0000000070,健康保険法,49,15,True,C22_techo_shohyo:9;C01_taimen_shutto:6;C16_inshi_genkin:6;C03_shomen_kofu:5;C06_sonaeoki_etsuran:5;C02_jicchi_kakunin:5;C18_jisan_madoguchi:3;C09_keitai_teiji:2;C17_keiyu_teishutsu:2;C05_oin_shomei:1;C08_kokoku_gentei:1;C19_kaigitai_kaisai:1;C20_shozaichi_kankatsu:1;C14_yubin_sotatsu:1;C13_baitai_shitei:1
332AC1000000164,生活衛生関係営業の運営の適正化及び振興に関する法律,46,15,True,C19_kaigitai_kaisai:16;C03_shomen_kofu:5;C01_taimen_shutto:4;C06_sonaeoki_etsuran:4;C20_shozaichi_kankatsu:3;C08_kokoku_gentei:2;C05_oin_shomei:2;C13_baitai_shitei:2;C17_keiyu_teishutsu:2;C04_genpon_fukusuu:1;C12_taimen_koshu:1;C07_butsuri_keiji:1;C02_jicchi_kakunin:1;C09_keitai_teiji:1;C22_techo_shohyo:1
331AC0000000126,労働保険審査官及び労働保険審査会法,35,15,True,C01_taimen_shutto:7;C03_shomen_kofu:6;C04_genpon_fukusuu:4;C14_yubin_sotatsu:2;C15_koto_yomikikase:2;C02_jicchi_kakunin:2;C09_keitai_teiji:2;C22_techo_shohyo:2;C06_sonaeoki_etsuran:2;C20_shozaichi_kankatsu:1;C13_baitai_shitei:1;C18_jisan_madoguchi:1;C07_butsuri_keiji:1;C08_kokoku_gentei:1;C19_kaigitai_kaisai:1
332AC0000000026,租税特別措置法,260,14,True,C03_shomen_kofu:112;C18_jisan_madoguchi:56;C09_keitai_teiji:23;C17_keiyu_teishutsu:21;C13_baitai_shitei:16;C06_sonaeoki_etsuran:12;C16_inshi_genkin:6;C05_oin_shomei:3;C10_jochu_sennin:3;C25_kenmen_shoken:2;C11_teiki_kensa:2;C04_genpon_fukusuu:2;C24_kuji_hassochakusho:1;C14_yubin_sotatsu:1
325AC0000000239,商品先物取引法,172,14,True,C03_shomen_kofu:48;C06_sonaeoki_etsuran:30;C01_taimen_shutto:19;C19_kaigitai_kaisai:14;C04_genpon_fukusuu:14;C02_jicchi_kakunin:13;C20_shozaichi_kankatsu:12;C08_kokoku_gentei:6;C07_butsuri_keiji:5;C05_oin_shomei:4;C13_baitai_shitei:2;C09_keitai_teiji:2;C25_kenmen_shoken:2;C23_kyotaku_hoshokin:1
417AC0000000097,郵政民営化法,145,14,True,C14_yubin_sotatsu:118;C03_shomen_kofu:6;C04_genpon_fukusuu:4;C20_shozaichi_kankatsu:2;C02_jicchi_kakunin:2;C09_keitai_teiji:2;C08_kokoku_gentei:2;C10_jochu_sennin:2;C22_techo_shohyo:2;C01_taimen_shutto:1;C05_oin_shomei:1;C13_baitai_shitei:1;C06_sonaeoki_etsuran:1;C16_inshi_genkin:1
345AC0000000136,海洋汚染等及び海上災害の防止に関する法律,128,14,True,C06_sonaeoki_etsuran:45;C07_butsuri_keiji:22;C18_jisan_madoguchi:21;C03_shomen_kofu:13;C08_kokoku_gentei:6;C22_techo_shohyo:6;C02_jicchi_kakunin:4;C09_keitai_teiji:3;C11_teiki_kensa:3;C10_jochu_sennin:1;C04_genpon_fukusuu:1;C13_baitai_shitei:1;C16_inshi_genkin:1;C01_taimen_shutto:1
335AC0000000145,医薬品、医療機器等の品質、有効性及び安全性の確保等に関する法律,127,14,True,C02_jicchi_kakunin:37;C03_shomen_kofu:34;C18_jisan_madoguchi:11;C06_sonaeoki_etsuran:6;C17_keiyu_teishutsu:6;C01_taimen_shutto:5;C07_butsuri_keiji:5;C10_jochu_sennin:5;C14_yubin_sotatsu:5;C13_baitai_shitei:4;C09_keitai_teiji:3;C08_kokoku_gentei:3;C04_genpon_fukusuu:2;C15_koto_yomikikase:1
326AC0000000185,道路運送車両法,111,14,True,C22_techo_shohyo:26;C18_jisan_madoguchi:19;C09_keitai_teiji:14;C06_sonaeoki_etsuran:12;C21_buppin_hyoji:7;C02_jicchi_kakunin:7;C03_shomen_kofu:6;C07_butsuri_keiji:6;C13_baitai_shitei:6;C04_genpon_fukusuu:2;C12_taimen_koshu:2;C08_kokoku_gentei:2;C11_teiki_kensa:1;C16_inshi_genkin:1
323AC0000000200,消費生活協同組合法,102,14,True,C19_kaigitai_kaisai:24;C03_shomen_kofu:21;C06_sonaeoki_etsuran:16;C20_shozaichi_kankatsu:12;C04_genpon_fukusuu:8;C08_kokoku_gentei:6;C01_taimen_shutto:5;C09_keitai_teiji:2;C13_baitai_shitei:2;C05_oin_shomei:2;C02_jicchi_kakunin:1;C07_butsuri_keiji:1;C11_teiki_kensa:1;C23_kyotaku_hoshokin:1
326AC0100000198,投資信託及び投資法人に関する法律,100,14,True,C03_shomen_kofu:24;C08_kokoku_gentei:12;C06_sonaeoki_etsuran:12;C19_kaigitai_kaisai:10;C01_taimen_shutto:10;C25_kenmen_shoken:7;C18_jisan_madoguchi:6;C20_shozaichi_kankatsu:6;C05_oin_shomei:4;C04_genpon_fukusuu:3;C13_baitai_shitei:2;C02_jicchi_kakunin:2;C09_keitai_teiji:1;C23_kyotaku_hoshokin:1
325AC1000000202,建築士法,75,14,True,C12_taimen_koshu:25;C06_sonaeoki_etsuran:14;C03_shomen_kofu:8;C02_jicchi_kakunin:5;C09_keitai_teiji:5;C18_jisan_madoguchi:3;C22_techo_shohyo:3;C04_genpon_fukusuu:3;C20_shozaichi_kankatsu:3;C07_butsuri_keiji:2;C01_taimen_shutto:1;C13_baitai_shitei:1;C05_oin_shomei:1;C10_jochu_sennin:1
416AC0000000117,武力攻撃事態及び存立危機事態における捕虜等の取扱いに関する法律,73,14,False,C18_jisan_madoguchi:16;C03_shomen_kofu:13;C01_taimen_shutto:10;C05_oin_shomei:9;C06_sonaeoki_etsuran:7;C15_koto_yomikikase:4;C04_genpon_fukusuu:3;C09_keitai_teiji:3;C17_keiyu_teishutsu:2;C02_jicchi_kakunin:2;C07_butsuri_keiji:1;C08_kokoku_gentei:1;C14_yubin_sotatsu:1;C22_techo_shohyo:1
339AC0000000170,電気事業法,71,14,True,C03_shomen_kofu:21;C06_sonaeoki_etsuran:10;C22_techo_shohyo:6;C19_kaigitai_kaisai:6;C02_jicchi_kakunin:5;C01_taimen_shutto:4;C18_jisan_madoguchi:4;C09_keitai_teiji:4;C17_keiyu_teishutsu:3;C11_teiki_kensa:3;C20_shozaichi_kankatsu:2;C04_genpon_fukusuu:1;C13_baitai_shitei:1;C08_kokoku_gentei:1
326AC0000000045,社会福祉法,67,14,True,C06_sonaeoki_etsuran:16;C03_shomen_kofu:14;C04_genpon_fukusuu:9;C01_taimen_shutto:5;C08_kokoku_gentei:5;C19_kaigitai_kaisai:4;C18_jisan_madoguchi:4;C13_baitai_shitei:2;C20_shozaichi_kankatsu:2;C02_jicchi_kakunin:2;C12_taimen_koshu:1;C05_oin_shomei:1;C09_keitai_teiji:1;C10_jochu_sennin:1
323AC0000000205,医療法,62,14,True,C06_sonaeoki_etsuran:17;C03_shomen_kofu:10;C20_shozaichi_kankatsu:8;C02_jicchi_kakunin:6;C01_taimen_shutto:5;C07_butsuri_keiji:3;C18_jisan_madoguchi:3;C09_keitai_teiji:2;C19_kaigitai_kaisai:2;C08_kokoku_gentei:2;C10_jochu_sennin:1;C25_kenmen_shoken:1;C13_baitai_shitei:1;C04_genpon_fukusuu:1
410AC0000000114,感染症の予防及び感染症の患者に対する医療に関する法律,62,14,True,C02_jicchi_kakunin:11;C20_shozaichi_kankatsu:10;C03_shomen_kofu:9;C17_keiyu_teishutsu:7;C06_sonaeoki_etsuran:5;C09_keitai_teiji:5;C22_techo_shohyo:5;C01_taimen_shutto:2;C15_koto_yomikikase:2;C18_jisan_madoguchi:2;C07_butsuri_keiji:1;C08_kokoku_gentei:1;C13_baitai_shitei:1;C11_teiki_kensa:1
325AC0000000289,鉱業法,61,14,False,C09_keitai_teiji:9;C23_kyotaku_hoshokin:8;C02_jicchi_kakunin:8;C01_taimen_shutto:6;C04_genpon_fukusuu:6;C03_shomen_kofu:5;C24_kuji_hassochakusho:4;C06_sonaeoki_etsuran:4;C14_yubin_sotatsu:2;C07_butsuri_keiji:2;C08_kokoku_gentei:2;C18_jisan_madoguchi:2;C22_techo_shohyo:2;C17_keiyu_teishutsu:1
347AC0000000117,警備業法,61,14,True,C12_taimen_koshu:17;C03_shomen_kofu:14;C20_shozaichi_kankatsu:6;C06_sonaeoki_etsuran:5;C18_jisan_madoguchi:4;C10_jochu_sennin:3;C22_techo_shohyo:3;C09_keitai_teiji:2;C02_jicchi_kakunin:2;C07_butsuri_keiji:1;C04_genpon_fukusuu:1;C13_baitai_shitei:1;C08_kokoku_gentei:1;C01_taimen_shutto:1
423AC0000000051,非訟事件手続法,59,14,False,C20_shozaichi_kankatsu:12;C01_taimen_shutto:10;C23_kyotaku_hoshokin:7;C03_shomen_kofu:6;C04_genpon_fukusuu:4;C19_kaigitai_kaisai:4;C08_kokoku_gentei:4;C06_sonaeoki_etsuran:3;C14_yubin_sotatsu:3;C25_kenmen_shoken:2;C15_koto_yomikikase:1;C18_jisan_madoguchi:1;C07_butsuri_keiji:1;C05_oin_shomei:1
327AC1000000180,道路法,56,14,True,C06_sonaeoki_etsuran:10;C02_jicchi_kakunin:7;C19_kaigitai_kaisai:6;C03_shomen_kofu:6;C07_butsuri_keiji:6;C09_keitai_teiji:5;C22_techo_shohyo:4;C20_shozaichi_kankatsu:3;C18_jisan_madoguchi:3;C13_baitai_shitei:2;C10_jochu_sennin:1;C14_yubin_sotatsu:1;C17_keiyu_teishutsu:1;C23_kyotaku_hoshokin:1
358AC1000000043,浄化槽法,53,14,False,C12_taimen_koshu:16;C06_sonaeoki_etsuran:7;C02_jicchi_kakunin:6;C09_keitai_teiji:4;C22_techo_shohyo:4;C08_kokoku_gentei:3;C07_butsuri_keiji:3;C18_jisan_madoguchi:2;C11_teiki_kensa:2;C21_buppin_hyoji:2;C17_keiyu_teishutsu:1;C03_shomen_kofu:1;C04_genpon_fukusuu:1;C10_jochu_sennin:1
322AC0000000185,農業保険法,44,14,True,C19_kaigitai_kaisai:9;C20_shozaichi_kankatsu:7;C03_shomen_kofu:6;C01_taimen_shutto:4;C06_sonaeoki_etsuran:4;C18_jisan_madoguchi:3;C13_baitai_shitei:2;C08_kokoku_gentei:2;C11_teiki_kensa:2;C16_inshi_genkin:1;C05_oin_shomei:1;C10_jochu_sennin:1;C02_jicchi_kakunin:1;C09_keitai_teiji:1
343AC1000000089,社会保険労務士法,37,14,True,C17_keiyu_teishutsu:6;C03_shomen_kofu:5;C08_kokoku_gentei:5;C22_techo_shohyo:4;C06_sonaeoki_etsuran:3;C20_shozaichi_kankatsu:3;C12_taimen_koshu:2;C02_jicchi_kakunin:2;C10_jochu_sennin:2;C13_baitai_shitei:1;C01_taimen_shutto:1;C18_jisan_madoguchi:1;C09_keitai_teiji:1;C04_genpon_fukusuu:1
329AC0000000165,自衛隊法,33,14,False,C01_taimen_shutto:9;C02_jicchi_kakunin:4;C03_shomen_kofu:4;C09_keitai_teiji:3;C10_jochu_sennin:2;C22_techo_shohyo:2;C08_kokoku_gentei:2;C19_kaigitai_kaisai:1;C07_butsuri_keiji:1;C18_jisan_madoguchi:1;C17_keiyu_teishutsu:1;C20_shozaichi_kankatsu:1;C06_sonaeoki_etsuran:1;C12_taimen_koshu:1
403AC0000000077,暴力団員による不当な行為の防止等に関する法律,33,14,False,C07_butsuri_keiji:5;C02_jicchi_kakunin:5;C01_taimen_shutto:4;C08_kokoku_gentei:3;C12_taimen_koshu:3;C03_shomen_kofu:3;C09_keitai_teiji:2;C20_shozaichi_kankatsu:2;C04_genpon_fukusuu:1;C13_baitai_shitei:1;C17_keiyu_teishutsu:1;C06_sonaeoki_etsuran:1;C14_yubin_sotatsu:1;C15_koto_yomikikase:1
426AC0000000068,行政不服審査法,33,14,True,C03_shomen_kofu:7;C15_koto_yomikikase:5;C01_taimen_shutto:4;C04_genpon_fukusuu:3;C14_yubin_sotatsu:2;C06_sonaeoki_etsuran:2;C18_jisan_madoguchi:2;C05_oin_shomei:2;C12_taimen_koshu:1;C20_shozaichi_kankatsu:1;C17_keiyu_teishutsu:1;C13_baitai_shitei:1;C07_butsuri_keiji:1;C08_kokoku_gentei:1
333AC0000000192,国民健康保険法,25,14,True,C01_taimen_shutto:7;C18_jisan_madoguchi:4;C03_shomen_kofu:2;C09_keitai_teiji:2;C16_inshi_genkin:1;C22_techo_shohyo:1;C19_kaigitai_kaisai:1;C08_kokoku_gentei:1;C20_shozaichi_kankatsu:1;C05_oin_shomei:1;C15_koto_yomikikase:1;C02_jicchi_kakunin:1;C13_baitai_shitei:1;C06_sonaeoki_etsuran:1
410AC0000000105,資産の流動化に関する法律,127,13,True,C03_shomen_kofu:33;C06_sonaeoki_etsuran:25;C25_kenmen_shoken:20;C04_genpon_fukusuu:11;C01_taimen_shutto:10;C19_kaigitai_kaisai:7;C08_kokoku_gentei:6;C05_oin_shomei:5;C20_shozaichi_kankatsu:4;C09_keitai_teiji:3;C13_baitai_shitei:1;C18_jisan_madoguchi:1;C02_jicchi_kakunin:1
328AC0100000227,労働金庫法,119,13,True,C03_shomen_kofu:27;C06_sonaeoki_etsuran:21;C19_kaigitai_kaisai:19;C20_shozaichi_kankatsu:12;C08_kokoku_gentei:8;C04_genpon_fukusuu:8;C01_taimen_shutto:7;C05_oin_shomei:5;C07_butsuri_keiji:5;C02_jicchi_kakunin:3;C13_baitai_shitei:2;C25_kenmen_shoken:1;C17_keiyu_teishutsu:1
323AC0000000242,水産業協同組合法,111,13,True,C03_shomen_kofu:27;C19_kaigitai_kaisai:21;C06_sonaeoki_etsuran:17;C01_taimen_shutto:10;C04_genpon_fukusuu:9;C08_kokoku_gentei:9;C20_shozaichi_kankatsu:5;C13_baitai_shitei:4;C18_jisan_madoguchi:3;C05_oin_shomei:2;C07_butsuri_keiji:2;C02_jicchi_kakunin:1;C23_kyotaku_hoshokin:1
353AC0000000036,森林組合法,100,13,True,C19_kaigitai_kaisai:30;C03_shomen_kofu:25;C06_sonaeoki_etsuran:11;C04_genpon_fukusuu:8;C20_shozaichi_kankatsu:6;C08_kokoku_gentei:5;C01_taimen_shutto:5;C18_jisan_madoguchi:3;C13_baitai_shitei:2;C05_oin_shomei:2;C07_butsuri_keiji:1;C11_teiki_kensa:1;C23_kyotaku_hoshokin:1
356AC0000000059,銀行法,88,13,True,C06_sonaeoki_etsuran:25;C07_butsuri_keiji:15;C03_shomen_kofu:11;C02_jicchi_kakunin:10;C09_keitai_teiji:10;C08_kokoku_gentei:7;C23_kyotaku_hoshokin:3;C10_jochu_sennin:2;C11_teiki_kensa:1;C25_kenmen_shoken:1;C13_baitai_shitei:1;C20_shozaichi_kankatsu:1;C18_jisan_madoguchi:1
413AC0000000075,社債、株式等の振替に関する法律,82,13,True,C25_kenmen_shoken:24;C03_shomen_kofu:15;C18_jisan_madoguchi:11;C04_genpon_fukusuu:8;C08_kokoku_gentei:5;C09_keitai_teiji:4;C01_taimen_shutto:4;C19_kaigitai_kaisai:3;C17_keiyu_teishutsu:3;C02_jicchi_kakunin:2;C13_baitai_shitei:1;C23_kyotaku_hoshokin:1;C06_sonaeoki_etsuran:1
413AC0000000093,農林中央金庫法,76,13,True,C03_shomen_kofu:23;C06_sonaeoki_etsuran:16;C19_kaigitai_kaisai:10;C08_kokoku_gentei:5;C01_taimen_shutto:4;C05_oin_shomei:4;C04_genpon_fukusuu:3;C07_butsuri_keiji:3;C25_kenmen_shoken:3;C13_baitai_shitei:2;C02_jicchi_kakunin:1;C09_keitai_teiji:1;C23_kyotaku_hoshokin:1
346AC0000000034,預金保険法,75,13,True,C20_shozaichi_kankatsu:29;C08_kokoku_gentei:17;C03_shomen_kofu:7;C19_kaigitai_kaisai:4;C01_taimen_shutto:3;C06_sonaeoki_etsuran:3;C02_jicchi_kakunin:2;C09_keitai_teiji:2;C13_baitai_shitei:2;C04_genpon_fukusuu:2;C14_yubin_sotatsu:2;C25_kenmen_shoken:1;C18_jisan_madoguchi:1
359AC0000000086,電気通信事業法,72,13,True,C12_taimen_koshu:17;C03_shomen_kofu:15;C06_sonaeoki_etsuran:12;C02_jicchi_kakunin:5;C18_jisan_madoguchi:4;C09_keitai_teiji:4;C13_baitai_shitei:3;C22_techo_shohyo:3;C21_buppin_hyoji:3;C07_butsuri_keiji:2;C04_genpon_fukusuu:2;C10_jochu_sennin:1;C17_keiyu_teishutsu:1
502AC1000000078,労働者協同組合法,72,13,True,C06_sonaeoki_etsuran:16;C19_kaigitai_kaisai:14;C03_shomen_kofu:12;C01_taimen_shutto:6;C04_genpon_fukusuu:6;C08_kokoku_gentei:5;C18_jisan_madoguchi:3;C20_shozaichi_kankatsu:3;C13_baitai_shitei:2;C05_oin_shomei:2;C07_butsuri_keiji:1;C17_keiyu_teishutsu:1;C09_keitai_teiji:1
412AC1000000149,マンションの管理の適正化の推進に関する法律,67,13,True,C12_taimen_koshu:24;C09_keitai_teiji:9;C02_jicchi_kakunin:7;C06_sonaeoki_etsuran:7;C03_shomen_kofu:6;C18_jisan_madoguchi:3;C10_jochu_sennin:3;C08_kokoku_gentei:2;C07_butsuri_keiji:2;C04_genpon_fukusuu:1;C13_baitai_shitei:1;C22_techo_shohyo:1;C11_teiki_kensa:1
334AC0000000127,商標法,66,13,True,C04_genpon_fukusuu:17;C14_yubin_sotatsu:14;C03_shomen_kofu:12;C18_jisan_madoguchi:5;C13_baitai_shitei:4;C06_sonaeoki_etsuran:4;C16_inshi_genkin:3;C21_buppin_hyoji:2;C05_oin_shomei:1;C24_kuji_hassochakusho:1;C09_keitai_teiji:1;C17_keiyu_teishutsu:1;C01_taimen_shutto:1
418AC0000000108,信託法,66,13,True,C03_shomen_kofu:21;C06_sonaeoki_etsuran:10;C08_kokoku_gentei:8;C01_taimen_shutto:6;C25_kenmen_shoken:5;C18_jisan_madoguchi:4;C19_kaigitai_kaisai:4;C05_oin_shomei:3;C13_baitai_shitei:1;C23_kyotaku_hoshokin:1;C04_genpon_fukusuu:1;C09_keitai_teiji:1;C20_shozaichi_kankatsu:1
327AC0100000239,旅行業法,58,13,True,C23_kyotaku_hoshokin:17;C06_sonaeoki_etsuran:9;C03_shomen_kofu:8;C12_taimen_koshu:5;C07_butsuri_keiji:5;C09_keitai_teiji:4;C08_kokoku_gentei:3;C02_jicchi_kakunin:2;C04_genpon_fukusuu:1;C13_baitai_shitei:1;C01_taimen_shutto:1;C19_kaigitai_kaisai:1;C22_techo_shohyo:1
327AC1000000028,漁船損害等補償法,53,13,True,C03_shomen_kofu:12;C20_shozaichi_kankatsu:12;C19_kaigitai_kaisai:11;C01_taimen_shutto:3;C18_jisan_madoguchi:3;C06_sonaeoki_etsuran:3;C13_baitai_shitei:2;C08_kokoku_gentei:2;C16_inshi_genkin:1;C04_genpon_fukusuu:1;C05_oin_shomei:1;C07_butsuri_keiji:1;C11_teiki_kensa:1
414AC0000000078,マンションの建替え等の円滑化に関する法律,53,13,True,C19_kaigitai_kaisai:12;C03_shomen_kofu:10;C06_sonaeoki_etsuran:9;C23_kyotaku_hoshokin:8;C17_keiyu_teishutsu:4;C13_baitai_shitei:2;C18_jisan_madoguchi:2;C02_jicchi_kakunin:1;C09_keitai_teiji:1;C05_oin_shomei:1;C08_kokoku_gentei:1;C20_shozaichi_kankatsu:1;C14_yubin_sotatsu:1
329AC0000000051,ガス事業法,50,13,True,C03_shomen_kofu:11;C18_jisan_madoguchi:9;C22_techo_shohyo:5;C06_sonaeoki_etsuran:5;C02_jicchi_kakunin:5;C11_teiki_kensa:4;C09_keitai_teiji:3;C13_baitai_shitei:2;C21_buppin_hyoji:2;C17_keiyu_teishutsu:1;C04_genpon_fukusuu:1;C08_kokoku_gentei:1;C20_shozaichi_kankatsu:1
324AC0000000108,古物営業法,45,13,True,C03_shomen_kofu:10;C20_shozaichi_kankatsu:9;C22_techo_shohyo:6;C06_sonaeoki_etsuran:5;C18_jisan_madoguchi:3;C17_keiyu_teishutsu:3;C09_keitai_teiji:2;C02_jicchi_kakunin:2;C14_yubin_sotatsu:1;C10_jochu_sennin:1;C07_butsuri_keiji:1;C05_oin_shomei:1;C13_baitai_shitei:1
411AC0000000136,組織的な犯罪の処罰及び犯罪収益の規制等に関する法律,41,13,True,C04_genpon_fukusuu:9;C14_yubin_sotatsu:8;C03_shomen_kofu:5;C23_kyotaku_hoshokin:4;C20_shozaichi_kankatsu:3;C05_oin_shomei:2;C07_butsuri_keiji:2;C01_taimen_shutto:2;C18_jisan_madoguchi:2;C21_buppin_hyoji:1;C08_kokoku_gentei:1;C15_koto_yomikikase:1;C19_kaigitai_kaisai:1
325AC0000000177,船主相互保険組合法,39,13,True,C19_kaigitai_kaisai:8;C03_shomen_kofu:7;C06_sonaeoki_etsuran:7;C08_kokoku_gentei:3;C13_baitai_shitei:2;C01_taimen_shutto:2;C23_kyotaku_hoshokin:2;C18_jisan_madoguchi:2;C04_genpon_fukusuu:2;C05_oin_shomei:1;C02_jicchi_kakunin:1;C09_keitai_teiji:1;C22_techo_shohyo:1
326AC1000000004,行政書士法,38,13,True,C17_keiyu_teishutsu:7;C20_shozaichi_kankatsu:5;C02_jicchi_kakunin:4;C06_sonaeoki_etsuran:4;C03_shomen_kofu:3;C22_techo_shohyo:3;C09_keitai_teiji:2;C07_butsuri_keiji:2;C12_taimen_koshu:2;C04_genpon_fukusuu:2;C10_jochu_sennin:2;C13_baitai_shitei:1;C08_kokoku_gentei:1
325AC0100000123,精神保健及び精神障害者福祉に関する法律,37,13,True,C02_jicchi_kakunin:7;C01_taimen_shutto:7;C03_shomen_kofu:5;C06_sonaeoki_etsuran:4;C12_taimen_koshu:3;C22_techo_shohyo:3;C18_jisan_madoguchi:2;C10_jochu_sennin:1;C04_genpon_fukusuu:1;C13_baitai_shitei:1;C09_keitai_teiji:1;C20_shozaichi_kankatsu:1;C11_teiki_kensa:1
336AC0000000204,農業信用保証保険法,37,13,True,C19_kaigitai_kaisai:12;C08_kokoku_gentei:4;C06_sonaeoki_etsuran:4;C03_shomen_kofu:3;C13_baitai_shitei:3;C01_taimen_shutto:2;C20_shozaichi_kankatsu:2;C18_jisan_madoguchi:2;C16_inshi_genkin:1;C05_oin_shomei:1;C04_genpon_fukusuu:1;C11_teiki_kensa:1;C23_kyotaku_hoshokin:1
416AC0000000151,裁判外紛争解決手続の利用の促進に関する法律,33,13,True,C03_shomen_kofu:6;C08_kokoku_gentei:5;C14_yubin_sotatsu:4;C01_taimen_shutto:3;C07_butsuri_keiji:3;C04_genpon_fukusuu:3;C13_baitai_shitei:2;C06_sonaeoki_etsuran:2;C02_jicchi_kakunin:1;C09_keitai_teiji:1;C20_shozaichi_kankatsu:1;C19_kaigitai_kaisai:1;C05_oin_shomei:1
345AC0000000075,タクシー業務適正化特別措置法,32,13,True,C06_sonaeoki_etsuran:6;C03_shomen_kofu:5;C08_kokoku_gentei:4;C09_keitai_teiji:3;C12_taimen_koshu:3;C04_genpon_fukusuu:2;C18_jisan_madoguchi:2;C22_techo_shohyo:2;C17_keiyu_teishutsu:1;C10_jochu_sennin:1;C13_baitai_shitei:1;C02_jicchi_kakunin:1;C01_taimen_shutto:1
325AC0000000291,採石法,28,13,False,C09_keitai_teiji:5;C06_sonaeoki_etsuran:5;C04_genpon_fukusuu:4;C01_taimen_shutto:3;C11_teiki_kensa:2;C23_kyotaku_hoshokin:2;C18_jisan_madoguchi:1;C03_shomen_kofu:1;C20_shozaichi_kankatsu:1;C07_butsuri_keiji:1;C17_keiyu_teishutsu:1;C02_jicchi_kakunin:1;C22_techo_shohyo:1
326AC0000000183,道路運送法,27,13,False,C22_techo_shohyo:5;C03_shomen_kofu:4;C18_jisan_madoguchi:3;C06_sonaeoki_etsuran:3;C02_jicchi_kakunin:3;C01_taimen_shutto:2;C11_teiki_kensa:1;C08_kokoku_gentei:1;C07_butsuri_keiji:1;C21_buppin_hyoji:1;C14_yubin_sotatsu:1;C09_keitai_teiji:1;C17_keiyu_teishutsu:1
326AC1000000166,家畜伝染病予防法,27,13,True,C14_yubin_sotatsu:6;C20_shozaichi_kankatsu:5;C18_jisan_madoguchi:3;C07_butsuri_keiji:2;C22_techo_shohyo:2;C09_keitai_teiji:2;C10_jochu_sennin:1;C12_taimen_koshu:1;C03_shomen_kofu:1;C13_baitai_shitei:1;C01_taimen_shutto:1;C06_sonaeoki_etsuran:1;C02_jicchi_kakunin:1
335AC0000000123,障害者の雇用の促進等に関する法律,26,13,True,C12_taimen_koshu:7;C03_shomen_kofu:3;C06_sonaeoki_etsuran:3;C18_jisan_madoguchi:2;C22_techo_shohyo:2;C10_jochu_sennin:2;C14_yubin_sotatsu:1;C04_genpon_fukusuu:1;C08_kokoku_gentei:1;C13_baitai_shitei:1;C21_buppin_hyoji:1;C02_jicchi_kakunin:1;C09_keitai_teiji:1
338AC0000000125,商業登記法,134,12,True,C03_shomen_kofu:74;C08_kokoku_gentei:15;C20_shozaichi_kankatsu:13;C25_kenmen_shoken:11;C17_keiyu_teishutsu:6;C04_genpon_fukusuu:5;C13_baitai_shitei:3;C05_oin_shomei:3;C06_sonaeoki_etsuran:1;C16_inshi_genkin:1;C01_taimen_shutto:1;C19_kaigitai_kaisai:1
326AC1000000238,信用金庫法,125,12,True,C03_shomen_kofu:30;C06_sonaeoki_etsuran:22;C19_kaigitai_kaisai:19;C20_shozaichi_kankatsu:12;C08_kokoku_gentei:8;C04_genpon_fukusuu:8;C05_oin_shomei:7;C01_taimen_shutto:6;C07_butsuri_keiji:6;C25_kenmen_shoken:3;C13_baitai_shitei:2;C02_jicchi_kakunin:2
404AC0000000051,計量法,95,12,False,C11_teiki_kensa:28;C21_buppin_hyoji:26;C20_shozaichi_kankatsu:8;C03_shomen_kofu:8;C02_jicchi_kakunin:6;C06_sonaeoki_etsuran:5;C04_genpon_fukusuu:3;C09_keitai_teiji:3;C17_keiyu_teishutsu:2;C18_jisan_madoguchi:2;C22_techo_shohyo:2;C07_butsuri_keiji:2
358AC1000000032,貸金業法,88,12,True,C12_taimen_koshu:19;C03_shomen_kofu:16;C06_sonaeoki_etsuran:14;C08_kokoku_gentei:11;C09_keitai_teiji:8;C02_jicchi_kakunin:7;C07_butsuri_keiji:4;C20_shozaichi_kankatsu:3;C13_baitai_shitei:2;C18_jisan_madoguchi:2;C14_yubin_sotatsu:1;C04_genpon_fukusuu:1
322AC0000000164,児童福祉法,72,12,True,C02_jicchi_kakunin:31;C01_taimen_shutto:14;C09_keitai_teiji:6;C12_taimen_koshu:4;C18_jisan_madoguchi:3;C22_techo_shohyo:3;C20_shozaichi_kankatsu:3;C06_sonaeoki_etsuran:3;C17_keiyu_teishutsu:2;C05_oin_shomei:1;C07_butsuri_keiji:1;C03_shomen_kofu:1
322AC0000000224,戸籍法,70,12,True,C04_genpon_fukusuu:25;C13_baitai_shitei:10;C03_shomen_kofu:9;C05_oin_shomei:5;C01_taimen_shutto:4;C06_sonaeoki_etsuran:4;C14_yubin_sotatsu:3;C10_jochu_sennin:3;C15_koto_yomikikase:2;C17_keiyu_teishutsu:2;C18_jisan_madoguchi:2;C20_shozaichi_kankatsu:1
324AC0000000270,私立学校法,63,12,True,C19_kaigitai_kaisai:11;C01_taimen_shutto:10;C03_shomen_kofu:9;C06_sonaeoki_etsuran:9;C04_genpon_fukusuu:7;C20_shozaichi_kankatsu:5;C13_baitai_shitei:5;C18_jisan_madoguchi:2;C08_kokoku_gentei:2;C05_oin_shomei:1;C02_jicchi_kakunin:1;C09_keitai_teiji:1
324AC0000000187,海上運送法,62,12,True,C12_taimen_koshu:20;C06_sonaeoki_etsuran:8;C02_jicchi_kakunin:7;C22_techo_shohyo:6;C08_kokoku_gentei:6;C03_shomen_kofu:4;C18_jisan_madoguchi:4;C09_keitai_teiji:3;C10_jochu_sennin:1;C04_genpon_fukusuu:1;C13_baitai_shitei:1;C01_taimen_shutto:1
401AC0000000083,貨物自動車運送事業法,53,12,True,C12_taimen_koshu:20;C06_sonaeoki_etsuran:9;C18_jisan_madoguchi:5;C03_shomen_kofu:5;C22_techo_shohyo:4;C07_butsuri_keiji:2;C21_buppin_hyoji:2;C02_jicchi_kakunin:2;C13_baitai_shitei:1;C04_genpon_fukusuu:1;C08_kokoku_gentei:1;C09_keitai_teiji:1
325AC0000000218,港湾法,51,12,True,C06_sonaeoki_etsuran:16;C07_butsuri_keiji:8;C03_shomen_kofu:7;C09_keitai_teiji:5;C02_jicchi_kakunin:4;C08_kokoku_gentei:3;C18_jisan_madoguchi:2;C13_baitai_shitei:2;C20_shozaichi_kankatsu:1;C10_jochu_sennin:1;C04_genpon_fukusuu:1;C16_inshi_genkin:1
410AC1000000007,特定非営利活動促進法,51,12,True,C03_shomen_kofu:15;C06_sonaeoki_etsuran:12;C04_genpon_fukusuu:4;C19_kaigitai_kaisai:4;C20_shozaichi_kankatsu:3;C08_kokoku_gentei:3;C01_taimen_shutto:2;C18_jisan_madoguchi:2;C02_jicchi_kakunin:2;C09_keitai_teiji:2;C13_baitai_shitei:1;C17_keiyu_teishutsu:1
348AC0000000053,農水産業協同組合貯金保険法,50,12,True,C20_shozaichi_kankatsu:20;C08_kokoku_gentei:11;C06_sonaeoki_etsuran:3;C19_kaigitai_kaisai:2;C01_taimen_shutto:2;C02_jicchi_kakunin:2;C09_keitai_teiji:2;C13_baitai_shitei:2;C03_shomen_kofu:2;C04_genpon_fukusuu:2;C14_yubin_sotatsu:1;C18_jisan_madoguchi:1
141AC0000000053,公証人法,47,12,True,C05_oin_shomei:12;C04_genpon_fukusuu:9;C01_taimen_shutto:8;C03_shomen_kofu:4;C02_jicchi_kakunin:3;C06_sonaeoki_etsuran:3;C14_yubin_sotatsu:2;C21_buppin_hyoji:2;C13_baitai_shitei:1;C15_koto_yomikikase:1;C16_inshi_genkin:1;C20_shozaichi_kankatsu:1
328AC0000000014,麻薬及び向精神薬取締法,47,12,True,C18_jisan_madoguchi:11;C22_techo_shohyo:7;C06_sonaeoki_etsuran:6;C09_keitai_teiji:5;C02_jicchi_kakunin:5;C01_taimen_shutto:3;C03_shomen_kofu:3;C21_buppin_hyoji:2;C13_baitai_shitei:2;C05_oin_shomei:1;C04_genpon_fukusuu:1;C10_jochu_sennin:1
326AC0100000252,覚醒剤取締法,42,12,True,C22_techo_shohyo:8;C18_jisan_madoguchi:8;C01_taimen_shutto:5;C21_buppin_hyoji:4;C02_jicchi_kakunin:4;C14_yubin_sotatsu:3;C06_sonaeoki_etsuran:3;C03_shomen_kofu:2;C09_keitai_teiji:2;C13_baitai_shitei:1;C05_oin_shomei:1;C20_shozaichi_kankatsu:1
328AC1000000143,商工会議所法,41,12,True,C19_kaigitai_kaisai:14;C01_taimen_shutto:5;C20_shozaichi_kankatsu:5;C18_jisan_madoguchi:3;C06_sonaeoki_etsuran:3;C03_shomen_kofu:2;C13_baitai_shitei:2;C09_keitai_teiji:2;C08_kokoku_gentei:2;C12_taimen_koshu:1;C05_oin_shomei:1;C22_techo_shohyo:1
339AC0000000158,漁業災害補償法,40,12,True,C19_kaigitai_kaisai:13;C03_shomen_kofu:5;C06_sonaeoki_etsuran:4;C13_baitai_shitei:3;C20_shozaichi_kankatsu:3;C05_oin_shomei:2;C01_taimen_shutto:2;C18_jisan_madoguchi:2;C08_kokoku_gentei:2;C11_teiki_kensa:2;C16_inshi_genkin:1;C04_genpon_fukusuu:1
327AC0000000346,中小漁業融資保証法,39,12,True,C19_kaigitai_kaisai:10;C03_shomen_kofu:5;C08_kokoku_gentei:4;C06_sonaeoki_etsuran:4;C13_baitai_shitei:3;C01_taimen_shutto:3;C18_jisan_madoguchi:3;C20_shozaichi_kankatsu:3;C16_inshi_genkin:1;C05_oin_shomei:1;C11_teiki_kensa:1;C23_kyotaku_hoshokin:1
324AC0000000188,測量法,35,12,True,C03_shomen_kofu:8;C06_sonaeoki_etsuran:8;C09_keitai_teiji:3;C08_kokoku_gentei:3;C02_jicchi_kakunin:3;C04_genpon_fukusuu:2;C10_jochu_sennin:2;C07_butsuri_keiji:2;C17_keiyu_teishutsu:1;C13_baitai_shitei:1;C12_taimen_koshu:1;C01_taimen_shutto:1
416AC0000000123,不動産登記法,34,12,True,C20_shozaichi_kankatsu:6;C02_jicchi_kakunin:6;C06_sonaeoki_etsuran:5;C03_shomen_kofu:4;C01_taimen_shutto:3;C09_keitai_teiji:3;C13_baitai_shitei:2;C23_kyotaku_hoshokin:1;C16_inshi_genkin:1;C07_butsuri_keiji:1;C08_kokoku_gentei:1;C17_keiyu_teishutsu:1
326AC0000000267,旅券法,33,12,True,C22_techo_shohyo:7;C01_taimen_shutto:6;C03_shomen_kofu:6;C17_keiyu_teishutsu:3;C08_kokoku_gentei:3;C04_genpon_fukusuu:2;C20_shozaichi_kankatsu:1;C13_baitai_shitei:1;C05_oin_shomei:1;C25_kenmen_shoken:1;C07_butsuri_keiji:1;C18_jisan_madoguchi:1
325AC1000000228,土地家屋調査士法,32,12,True,C20_shozaichi_kankatsu:10;C17_keiyu_teishutsu:5;C03_shomen_kofu:3;C08_kokoku_gentei:3;C04_genpon_fukusuu:3;C10_jochu_sennin:2;C02_jicchi_kakunin:1;C13_baitai_shitei:1;C15_koto_yomikikase:1;C06_sonaeoki_etsuran:1;C12_taimen_koshu:1;C07_butsuri_keiji:1
337AC0000000134,不当景品類及び不当表示防止法,32,12,True,C03_shomen_kofu:9;C14_yubin_sotatsu:7;C04_genpon_fukusuu:3;C02_jicchi_kakunin:2;C07_butsuri_keiji:2;C08_kokoku_gentei:2;C13_baitai_shitei:2;C24_kuji_hassochakusho:1;C15_koto_yomikikase:1;C01_taimen_shutto:1;C09_keitai_teiji:1;C06_sonaeoki_etsuran:1
138AC0000000052,担保付社債信託法,31,12,True,C03_shomen_kofu:5;C25_kenmen_shoken:5;C06_sonaeoki_etsuran:4;C02_jicchi_kakunin:3;C05_oin_shomei:3;C04_genpon_fukusuu:3;C09_keitai_teiji:2;C13_baitai_shitei:2;C01_taimen_shutto:1;C23_kyotaku_hoshokin:1;C20_shozaichi_kankatsu:1;C08_kokoku_gentei:1
324AC0000000121,水先法,31,12,True,C06_sonaeoki_etsuran:10;C12_taimen_koshu:6;C07_butsuri_keiji:4;C15_koto_yomikikase:2;C02_jicchi_kakunin:2;C11_teiki_kensa:1;C03_shomen_kofu:1;C04_genpon_fukusuu:1;C13_baitai_shitei:1;C09_keitai_teiji:1;C22_techo_shohyo:1;C08_kokoku_gentei:1
308AC0000000011,船舶安全法,27,12,True,C11_teiki_kensa:5;C22_techo_shohyo:5;C02_jicchi_kakunin:4;C06_sonaeoki_etsuran:4;C09_keitai_teiji:2;C21_buppin_hyoji:1;C07_butsuri_keiji:1;C10_jochu_sennin:1;C03_shomen_kofu:1;C04_genpon_fukusuu:1;C13_baitai_shitei:1;C08_kokoku_gentei:1
339AC0000000118,労働災害防止団体法,27,12,True,C19_kaigitai_kaisai:8;C01_taimen_shutto:3;C12_taimen_koshu:2;C03_shomen_kofu:2;C20_shozaichi_kankatsu:2;C18_jisan_madoguchi:2;C08_kokoku_gentei:2;C02_jicchi_kakunin:2;C06_sonaeoki_etsuran:1;C13_baitai_shitei:1;C09_keitai_teiji:1;C22_techo_shohyo:1
325AC0000000151,植物防疫法,26,12,True,C02_jicchi_kakunin:5;C03_shomen_kofu:3;C06_sonaeoki_etsuran:3;C09_keitai_teiji:2;C13_baitai_shitei:2;C14_yubin_sotatsu:2;C01_taimen_shutto:2;C18_jisan_madoguchi:2;C04_genpon_fukusuu:2;C22_techo_shohyo:1;C20_shozaichi_kankatsu:1;C21_buppin_hyoji:1
418AC0000000051,競争の導入による公共サービスの改革に関する法律,22,12,True,C06_sonaeoki_etsuran:3;C03_shomen_kofu:2;C13_baitai_shitei:2;C02_jicchi_kakunin:2;C09_keitai_teiji:2;C01_taimen_shutto:2;C04_genpon_fukusuu:2;C05_oin_shomei:2;C18_jisan_madoguchi:2;C22_techo_shohyo:1;C12_taimen_koshu:1;C19_kaigitai_kaisai:1
333AC0000000128,国家公務員共済組合法,18,12,True,C10_jochu_sennin:4;C03_shomen_kofu:2;C22_techo_shohyo:2;C01_taimen_shutto:2;C06_sonaeoki_etsuran:1;C08_kokoku_gentei:1;C18_jisan_madoguchi:1;C05_oin_shomei:1;C15_koto_yomikikase:1;C14_yubin_sotatsu:1;C13_baitai_shitei:1;C09_keitai_teiji:1
417AC0000000050,刑事収容施設及び被収容者等の処遇に関する法律,115,11,False,C18_jisan_madoguchi:26;C03_shomen_kofu:25;C01_taimen_shutto:18;C06_sonaeoki_etsuran:16;C08_kokoku_gentei:7;C02_jicchi_kakunin:6;C04_genpon_fukusuu:6;C07_butsuri_keiji:6;C20_shozaichi_kankatsu:3;C09_keitai_teiji:1;C15_koto_yomikikase:1
336AC0000000081,技術研究組合法,110,11,True,C03_shomen_kofu:33;C06_sonaeoki_etsuran:17;C08_kokoku_gentei:15;C04_genpon_fukusuu:14;C20_shozaichi_kankatsu:13;C19_kaigitai_kaisai:9;C01_taimen_shutto:3;C13_baitai_shitei:2;C05_oin_shomei:2;C07_butsuri_keiji:1;C09_keitai_teiji:1
322AC0000000165,郵便法,100,11,False,C14_yubin_sotatsu:84;C05_oin_shomei:3;C03_shomen_kofu:2;C22_techo_shohyo:2;C06_sonaeoki_etsuran:2;C07_butsuri_keiji:2;C11_teiki_kensa:1;C01_taimen_shutto:1;C02_jicchi_kakunin:1;C09_keitai_teiji:1;C18_jisan_madoguchi:1
340AC0000000033,所得税法,100,11,True,C03_shomen_kofu:35;C09_keitai_teiji:17;C18_jisan_madoguchi:16;C17_keiyu_teishutsu:12;C05_oin_shomei:6;C06_sonaeoki_etsuran:5;C13_baitai_shitei:3;C22_techo_shohyo:2;C16_inshi_genkin:2;C11_teiki_kensa:1;C04_genpon_fukusuu:1
416AC0000000075,破産法,79,11,False,C14_yubin_sotatsu:30;C03_shomen_kofu:19;C19_kaigitai_kaisai:7;C01_taimen_shutto:5;C20_shozaichi_kankatsu:4;C06_sonaeoki_etsuran:4;C18_jisan_madoguchi:3;C23_kyotaku_hoshokin:3;C04_genpon_fukusuu:2;C08_kokoku_gentei:1;C21_buppin_hyoji:1
428AC0000000089,外国人の技能実習の適正な実施及び技能実習生の保護に関する法律,75,11,True,C12_taimen_koshu:51;C06_sonaeoki_etsuran:7;C02_jicchi_kakunin:5;C01_taimen_shutto:3;C09_keitai_teiji:2;C22_techo_shohyo:2;C17_keiyu_teishutsu:1;C18_jisan_madoguchi:1;C10_jochu_sennin:1;C08_kokoku_gentei:1;C13_baitai_shitei:1
354AC0000000049,エネルギーの使用の合理化及び非化石エネルギーへの転換等に関する法律,67,11,True,C12_taimen_koshu:25;C18_jisan_madoguchi:12;C11_teiki_kensa:9;C06_sonaeoki_etsuran:7;C03_shomen_kofu:6;C08_kokoku_gentei:3;C10_jochu_sennin:1;C04_genpon_fukusuu:1;C13_baitai_shitei:1;C02_jicchi_kakunin:1;C09_keitai_teiji:1
326AC1000000249,森林法,51,11,False,C03_shomen_kofu:16;C06_sonaeoki_etsuran:11;C02_jicchi_kakunin:5;C23_kyotaku_hoshokin:4;C20_shozaichi_kankatsu:4;C07_butsuri_keiji:4;C09_keitai_teiji:3;C04_genpon_fukusuu:1;C17_keiyu_teishutsu:1;C01_taimen_shutto:1;C08_kokoku_gentei:1
425AC0000000048,国際的な子の奪取の民事上の側面に関する条約の実施に関する法律,51,11,True,C01_taimen_shutto:10;C03_shomen_kofu:8;C04_genpon_fukusuu:8;C06_sonaeoki_etsuran:6;C23_kyotaku_hoshokin:5;C17_keiyu_teishutsu:4;C14_yubin_sotatsu:3;C19_kaigitai_kaisai:3;C15_koto_yomikikase:2;C13_baitai_shitei:1;C20_shozaichi_kankatsu:1
334AC0000000141,国民年金法,45,11,True,C19_kaigitai_kaisai:10;C06_sonaeoki_etsuran:7;C03_shomen_kofu:5;C18_jisan_madoguchi:5;C02_jicchi_kakunin:5;C09_keitai_teiji:4;C17_keiyu_teishutsu:2;C22_techo_shohyo:2;C01_taimen_shutto:2;C20_shozaichi_kankatsu:2;C08_kokoku_gentei:1
412AC0000000101,金融サービスの提供及び利用環境の整備等に関する法律,45,11,True,C06_sonaeoki_etsuran:13;C03_shomen_kofu:9;C23_kyotaku_hoshokin:4;C02_jicchi_kakunin:4;C09_keitai_teiji:4;C08_kokoku_gentei:4;C07_butsuri_keiji:3;C13_baitai_shitei:1;C19_kaigitai_kaisai:1;C01_taimen_shutto:1;C18_jisan_madoguchi:1
332AC1000000162,内航海運組合法,41,11,True,C19_kaigitai_kaisai:15;C03_shomen_kofu:5;C01_taimen_shutto:5;C06_sonaeoki_etsuran:4;C20_shozaichi_kankatsu:2;C05_oin_shomei:2;C13_baitai_shitei:2;C08_kokoku_gentei:2;C02_jicchi_kakunin:2;C04_genpon_fukusuu:1;C09_keitai_teiji:1
337AC1000000141,商店街振興組合法,41,11,True,C19_kaigitai_kaisai:12;C03_shomen_kofu:9;C06_sonaeoki_etsuran:4;C01_taimen_shutto:3;C20_shozaichi_kankatsu:3;C05_oin_shomei:2;C13_baitai_shitei:2;C04_genpon_fukusuu:2;C08_kokoku_gentei:2;C25_kenmen_shoken:1;C09_keitai_teiji:1
345AC1000000020,建築物における衛生的環境の確保に関する法律,40,11,True,C12_taimen_koshu:15;C02_jicchi_kakunin:8;C06_sonaeoki_etsuran:6;C18_jisan_madoguchi:2;C22_techo_shohyo:2;C08_kokoku_gentei:2;C03_shomen_kofu:1;C04_genpon_fukusuu:1;C13_baitai_shitei:1;C09_keitai_teiji:1;C20_shozaichi_kankatsu:1
323AC0000000193,損害保険料率算出団体に関する法律,37,11,True,C03_shomen_kofu:10;C20_shozaichi_kankatsu:9;C06_sonaeoki_etsuran:5;C19_kaigitai_kaisai:2;C01_taimen_shutto:2;C09_keitai_teiji:2;C18_jisan_madoguchi:2;C08_kokoku_gentei:2;C02_jicchi_kakunin:1;C22_techo_shohyo:1;C05_oin_shomei:1
325AC0000000132,放送法,37,11,True,C03_shomen_kofu:9;C06_sonaeoki_etsuran:7;C09_keitai_teiji:5;C02_jicchi_kakunin:4;C13_baitai_shitei:3;C01_taimen_shutto:3;C07_butsuri_keiji:2;C14_yubin_sotatsu:1;C20_shozaichi_kankatsu:1;C08_kokoku_gentei:1;C17_keiyu_teishutsu:1
350AC0000000028,作業環境測定法,36,11,False,C12_taimen_koshu:16;C08_kokoku_gentei:4;C02_jicchi_kakunin:4;C06_sonaeoki_etsuran:2;C03_shomen_kofu:2;C09_keitai_teiji:2;C01_taimen_shutto:2;C15_koto_yomikikase:1;C04_genpon_fukusuu:1;C22_techo_shohyo:1;C18_jisan_madoguchi:1
335AC0000000089,商工会法,35,11,True,C19_kaigitai_kaisai:9;C03_shomen_kofu:4;C20_shozaichi_kankatsu:4;C06_sonaeoki_etsuran:4;C18_jisan_madoguchi:3;C08_kokoku_gentei:3;C01_taimen_shutto:2;C13_baitai_shitei:2;C09_keitai_teiji:2;C12_taimen_koshu:1;C02_jicchi_kakunin:1
355AC0000000086,農住組合法,35,11,True,C19_kaigitai_kaisai:12;C03_shomen_kofu:4;C06_sonaeoki_etsuran:3;C01_taimen_shutto:3;C18_jisan_madoguchi:3;C20_shozaichi_kankatsu:3;C13_baitai_shitei:2;C08_kokoku_gentei:2;C04_genpon_fukusuu:1;C05_oin_shomei:1;C17_keiyu_teishutsu:1
505AC0000000041,日本語教育の適正かつ確実な実施を図るための日本語教育機関の認定等に関する法律,35,11,True,C08_kokoku_gentei:13;C06_sonaeoki_etsuran:7;C12_taimen_koshu:4;C22_techo_shohyo:2;C02_jicchi_kakunin:2;C09_keitai_teiji:2;C21_buppin_hyoji:1;C18_jisan_madoguchi:1;C03_shomen_kofu:1;C04_genpon_fukusuu:1;C13_baitai_shitei:1
325AC1000000197,司法書士法,33,11,True,C20_shozaichi_kankatsu:10;C17_keiyu_teishutsu:5;C23_kyotaku_hoshokin:3;C03_shomen_kofu:3;C08_kokoku_gentei:3;C04_genpon_fukusuu:3;C10_jochu_sennin:2;C13_baitai_shitei:1;C15_koto_yomikikase:1;C12_taimen_koshu:1;C07_butsuri_keiji:1
332AC0000000177,水道法,33,11,True,C02_jicchi_kakunin:8;C09_keitai_teiji:5;C03_shomen_kofu:5;C06_sonaeoki_etsuran:5;C18_jisan_madoguchi:3;C22_techo_shohyo:2;C10_jochu_sennin:1;C04_genpon_fukusuu:1;C13_baitai_shitei:1;C01_taimen_shutto:1;C11_teiki_kensa:1
323AC0000000147,検察審査会法,32,11,False,C01_taimen_shutto:7;C24_kuji_hassochakusho:6;C04_genpon_fukusuu:5;C03_shomen_kofu:3;C20_shozaichi_kankatsu:3;C19_kaigitai_kaisai:2;C13_baitai_shitei:2;C05_oin_shomei:1;C15_koto_yomikikase:1;C07_butsuri_keiji:1;C08_kokoku_gentei:1
405AC0000000044,協同組織金融機関の優先出資に関する法律,32,11,True,C19_kaigitai_kaisai:7;C25_kenmen_shoken:5;C03_shomen_kofu:5;C06_sonaeoki_etsuran:5;C04_genpon_fukusuu:3;C01_taimen_shutto:2;C13_baitai_shitei:1;C18_jisan_madoguchi:1;C05_oin_shomei:1;C20_shozaichi_kankatsu:1;C17_keiyu_teishutsu:1
405AC0000000088,行政手続法,32,11,True,C03_shomen_kofu:9;C01_taimen_shutto:6;C19_kaigitai_kaisai:5;C06_sonaeoki_etsuran:3;C07_butsuri_keiji:2;C15_koto_yomikikase:2;C02_jicchi_kakunin:1;C12_taimen_koshu:1;C20_shozaichi_kankatsu:1;C08_kokoku_gentei:1;C13_baitai_shitei:1
506AC0000000058,スマートフォンにおいて利用される特定ソフトウェアに係る競争の促進に関する法律,32,11,True,C06_sonaeoki_etsuran:6;C03_shomen_kofu:6;C01_taimen_shutto:4;C14_yubin_sotatsu:4;C04_genpon_fukusuu:3;C13_baitai_shitei:2;C05_oin_shomei:2;C23_kyotaku_hoshokin:2;C09_keitai_teiji:1;C17_keiyu_teishutsu:1;C02_jicchi_kakunin:1
324AC0000000174,労働組合法,31,11,False,C01_taimen_shutto:7;C03_shomen_kofu:6;C20_shozaichi_kankatsu:5;C18_jisan_madoguchi:3;C09_keitai_teiji:2;C08_kokoku_gentei:2;C05_oin_shomei:2;C19_kaigitai_kaisai:1;C02_jicchi_kakunin:1;C22_techo_shohyo:1;C14_yubin_sotatsu:1
411AC0000000081,住宅の品質確保の促進等に関する法律,29,11,True,C12_taimen_koshu:7;C06_sonaeoki_etsuran:6;C10_jochu_sennin:3;C03_shomen_kofu:3;C07_butsuri_keiji:2;C02_jicchi_kakunin:2;C09_keitai_teiji:2;C04_genpon_fukusuu:1;C13_baitai_shitei:1;C17_keiyu_teishutsu:1;C18_jisan_madoguchi:1
327AC0000000240,破壊活動防止法,28,11,False,C08_kokoku_gentei:7;C01_taimen_shutto:5;C04_genpon_fukusuu:4;C07_butsuri_keiji:2;C03_shomen_kofu:2;C09_keitai_teiji:2;C22_techo_shohyo:2;C19_kaigitai_kaisai:1;C05_oin_shomei:1;C06_sonaeoki_etsuran:1;C17_keiyu_teishutsu:1
412AC0000000049,弁理士法,28,11,True,C03_shomen_kofu:7;C02_jicchi_kakunin:4;C08_kokoku_gentei:3;C20_shozaichi_kankatsu:3;C01_taimen_shutto:2;C15_koto_yomikikase:2;C06_sonaeoki_etsuran:2;C09_keitai_teiji:2;C19_kaigitai_kaisai:1;C12_taimen_koshu:1;C13_baitai_shitei:1
425AC0000000027,行政手続における特定の個人を識別するための番号の利用等に関する法律,28,11,True,C13_baitai_shitei:9;C18_jisan_madoguchi:4;C06_sonaeoki_etsuran:3;C05_oin_shomei:2;C04_genpon_fukusuu:2;C17_keiyu_teishutsu:2;C02_jicchi_kakunin:2;C22_techo_shohyo:1;C09_keitai_teiji:1;C03_shomen_kofu:1;C20_shozaichi_kankatsu:1
342AC0000000061,船員災害防止活動の促進に関する法律,27,11,True,C19_kaigitai_kaisai:6;C01_taimen_shutto:5;C03_shomen_kofu:3;C02_jicchi_kakunin:3;C20_shozaichi_kankatsu:2;C18_jisan_madoguchi:2;C08_kokoku_gentei:2;C12_taimen_koshu:1;C06_sonaeoki_etsuran:1;C13_baitai_shitei:1;C09_keitai_teiji:1
413AC0100000031,配偶者からの暴力の防止及び被害者の保護等に関する法律,27,11,True,C14_yubin_sotatsu:6;C03_shomen_kofu:5;C01_taimen_shutto:3;C13_baitai_shitei:2;C07_butsuri_keiji:2;C08_kokoku_gentei:2;C04_genpon_fukusuu:2;C06_sonaeoki_etsuran:2;C20_shozaichi_kankatsu:1;C19_kaigitai_kaisai:1;C05_oin_shomei:1
415AC0000000138,仲裁法,27,11,True,C03_shomen_kofu:6;C20_shozaichi_kankatsu:6;C01_taimen_shutto:3;C04_genpon_fukusuu:2;C05_oin_shomei:2;C15_koto_yomikikase:2;C19_kaigitai_kaisai:2;C06_sonaeoki_etsuran:1;C14_yubin_sotatsu:1;C13_baitai_shitei:1;C09_keitai_teiji:1
417AC0000000024,地域再生法,27,11,True,C20_shozaichi_kankatsu:9;C04_genpon_fukusuu:4;C17_keiyu_teishutsu:4;C18_jisan_madoguchi:2;C06_sonaeoki_etsuran:2;C09_keitai_teiji:1;C19_kaigitai_kaisai:1;C14_yubin_sotatsu:1;C01_taimen_shutto:1;C03_shomen_kofu:1;C02_jicchi_kakunin:1
346AC0000000040,民事訴訟費用等に関する法律,26,11,True,C01_taimen_shutto:6;C14_yubin_sotatsu:5;C18_jisan_madoguchi:3;C04_genpon_fukusuu:2;C19_kaigitai_kaisai:2;C16_inshi_genkin:2;C22_techo_shohyo:2;C03_shomen_kofu:1;C20_shozaichi_kankatsu:1;C06_sonaeoki_etsuran:1;C23_kyotaku_hoshokin:1
410AC0000000083,種苗法,26,11,True,C02_jicchi_kakunin:6;C03_shomen_kofu:5;C09_keitai_teiji:3;C21_buppin_hyoji:3;C14_yubin_sotatsu:2;C06_sonaeoki_etsuran:2;C18_jisan_madoguchi:1;C04_genpon_fukusuu:1;C08_kokoku_gentei:1;C07_butsuri_keiji:1;C22_techo_shohyo:1
322AC0000000120,国家公務員法,24,11,True,C01_taimen_shutto:4;C03_shomen_kofu:4;C20_shozaichi_kankatsu:3;C10_jochu_sennin:3;C08_kokoku_gentei:2;C02_jicchi_kakunin:2;C09_keitai_teiji:2;C05_oin_shomei:1;C19_kaigitai_kaisai:1;C11_teiki_kensa:1;C06_sonaeoki_etsuran:1
324AC0000000267,漁業法,24,11,True,C03_shomen_kofu:6;C22_techo_shohyo:3;C01_taimen_shutto:3;C13_baitai_shitei:2;C06_sonaeoki_etsuran:2;C09_keitai_teiji:2;C02_jicchi_kakunin:2;C24_kuji_hassochakusho:1;C18_jisan_madoguchi:1;C23_kyotaku_hoshokin:1;C17_keiyu_teishutsu:1
338AC0000000152,不動産の鑑定評価に関する法律,24,11,True,C06_sonaeoki_etsuran:5;C02_jicchi_kakunin:5;C03_shomen_kofu:4;C09_keitai_teiji:2;C10_jochu_sennin:2;C04_genpon_fukusuu:1;C13_baitai_shitei:1;C08_kokoku_gentei:1;C20_shozaichi_kankatsu:1;C05_oin_shomei:1;C01_taimen_shutto:1
423AC0000000108,再生可能エネルギー電気の利用の促進に関する特別措置法,24,11,True,C06_sonaeoki_etsuran:6;C18_jisan_madoguchi:4;C14_yubin_sotatsu:4;C08_kokoku_gentei:2;C17_keiyu_teishutsu:2;C24_kuji_hassochakusho:1;C03_shomen_kofu:1;C02_jicchi_kakunin:1;C09_keitai_teiji:1;C07_butsuri_keiji:1;C13_baitai_shitei:1
337AC0000000152,地方公務員等共済組合法,23,11,True,C10_jochu_sennin:5;C19_kaigitai_kaisai:4;C03_shomen_kofu:4;C01_taimen_shutto:2;C09_keitai_teiji:2;C06_sonaeoki_etsuran:1;C18_jisan_madoguchi:1;C05_oin_shomei:1;C15_koto_yomikikase:1;C14_yubin_sotatsu:1;C13_baitai_shitei:1
357AC0000000080,高齢者の医療の確保に関する法律,22,11,True,C02_jicchi_kakunin:4;C01_taimen_shutto:4;C18_jisan_madoguchi:3;C03_shomen_kofu:3;C06_sonaeoki_etsuran:2;C16_inshi_genkin:1;C22_techo_shohyo:1;C09_keitai_teiji:1;C05_oin_shomei:1;C08_kokoku_gentei:1;C13_baitai_shitei:1
505AC0000000016,調停による国際的な和解合意に関する国際連合条約の実施に関する法律,21,11,True,C14_yubin_sotatsu:4;C03_shomen_kofu:3;C04_genpon_fukusuu:3;C01_taimen_shutto:2;C13_baitai_shitei:2;C06_sonaeoki_etsuran:2;C20_shozaichi_kankatsu:1;C19_kaigitai_kaisai:1;C07_butsuri_keiji:1;C08_kokoku_gentei:1;C05_oin_shomei:1
411AC1000000117,民間資金等の活用による公共施設等の整備等の促進に関する法律,17,11,True,C19_kaigitai_kaisai:3;C03_shomen_kofu:3;C02_jicchi_kakunin:2;C05_oin_shomei:2;C23_kyotaku_hoshokin:1;C01_taimen_shutto:1;C13_baitai_shitei:1;C06_sonaeoki_etsuran:1;C20_shozaichi_kankatsu:1;C09_keitai_teiji:1;C10_jochu_sennin:1
418AC0000000048,一般社団法人及び一般財団法人に関する法律,140,10,True,C03_shomen_kofu:39;C06_sonaeoki_etsuran:24;C20_shozaichi_kankatsu:20;C19_kaigitai_kaisai:17;C04_genpon_fukusuu:12;C01_taimen_shutto:11;C08_kokoku_gentei:10;C05_oin_shomei:3;C18_jisan_madoguchi:3;C13_baitai_shitei:1
423AC0000000052,家事事件手続法,102,10,False,C20_shozaichi_kankatsu:30;C01_taimen_shutto:17;C03_shomen_kofu:13;C14_yubin_sotatsu:8;C18_jisan_madoguchi:8;C04_genpon_fukusuu:7;C19_kaigitai_kaisai:7;C06_sonaeoki_etsuran:5;C23_kyotaku_hoshokin:5;C15_koto_yomikikase:2
351AC0000000057,特定商取引に関する法律,80,10,True,C03_shomen_kofu:24;C18_jisan_madoguchi:23;C14_yubin_sotatsu:11;C13_baitai_shitei:11;C04_genpon_fukusuu:4;C06_sonaeoki_etsuran:3;C02_jicchi_kakunin:1;C09_keitai_teiji:1;C07_butsuri_keiji:1;C08_kokoku_gentei:1
332AC0000000166,核原料物質、核燃料物質及び原子炉の規制に関する法律,73,10,False,C06_sonaeoki_etsuran:14;C03_shomen_kofu:13;C02_jicchi_kakunin:13;C09_keitai_teiji:8;C11_teiki_kensa:7;C18_jisan_madoguchi:5;C22_techo_shohyo:4;C08_kokoku_gentei:3;C01_taimen_shutto:3;C21_buppin_hyoji:3
411AC0000000225,民事再生法,71,10,False,C14_yubin_sotatsu:36;C03_shomen_kofu:15;C01_taimen_shutto:5;C04_genpon_fukusuu:4;C20_shozaichi_kankatsu:3;C06_sonaeoki_etsuran:3;C19_kaigitai_kaisai:2;C08_kokoku_gentei:1;C07_butsuri_keiji:1;C23_kyotaku_hoshokin:1
404AC0000000075,絶滅のおそれのある野生動植物の種の保存に関する法律,64,10,True,C18_jisan_madoguchi:15;C09_keitai_teiji:11;C02_jicchi_kakunin:10;C08_kokoku_gentei:7;C06_sonaeoki_etsuran:7;C03_shomen_kofu:5;C22_techo_shohyo:4;C04_genpon_fukusuu:3;C13_baitai_shitei:1;C07_butsuri_keiji:1
326AC0000000149,船舶職員及び小型船舶操縦者法,63,10,True,C12_taimen_koshu:35;C06_sonaeoki_etsuran:5;C02_jicchi_kakunin:5;C08_kokoku_gentei:5;C03_shomen_kofu:3;C09_keitai_teiji:3;C22_techo_shohyo:3;C01_taimen_shutto:2;C04_genpon_fukusuu:1;C13_baitai_shitei:1
414AC0000000154,会社更生法,56,10,False,C14_yubin_sotatsu:28;C03_shomen_kofu:8;C19_kaigitai_kaisai:4;C06_sonaeoki_etsuran:3;C23_kyotaku_hoshokin:3;C25_kenmen_shoken:3;C20_shozaichi_kankatsu:2;C04_genpon_fukusuu:2;C01_taimen_shutto:2;C08_kokoku_gentei:1
132AC0000000048,商法,49,10,True,C18_jisan_madoguchi:22;C23_kyotaku_hoshokin:7;C04_genpon_fukusuu:5;C06_sonaeoki_etsuran:4;C03_shomen_kofu:3;C05_oin_shomei:3;C09_keitai_teiji:2;C20_shozaichi_kankatsu:1;C13_baitai_shitei:1;C25_kenmen_shoken:1
425AC0000000096,消費者の財産的被害等の集団的な回復のための民事の裁判手続の特例に関する法律,46,10,True,C03_shomen_kofu:20;C06_sonaeoki_etsuran:8;C14_yubin_sotatsu:6;C07_butsuri_keiji:4;C08_kokoku_gentei:3;C20_shozaichi_kankatsu:1;C13_baitai_shitei:1;C19_kaigitai_kaisai:1;C02_jicchi_kakunin:1;C09_keitai_teiji:1
332AC0000000185,中小企業団体の組織に関する法律,44,10,True,C20_shozaichi_kankatsu:11;C03_shomen_kofu:10;C19_kaigitai_kaisai:5;C08_kokoku_gentei:5;C06_sonaeoki_etsuran:4;C01_taimen_shutto:3;C04_genpon_fukusuu:3;C02_jicchi_kakunin:1;C09_keitai_teiji:1;C13_baitai_shitei:1
345AC0000000137,廃棄物の処理及び清掃に関する法律,44,10,True,C06_sonaeoki_etsuran:11;C03_shomen_kofu:10;C09_keitai_teiji:4;C18_jisan_madoguchi:4;C02_jicchi_kakunin:4;C13_baitai_shitei:3;C04_genpon_fukusuu:3;C11_teiki_kensa:2;C17_keiyu_teishutsu:2;C20_shozaichi_kankatsu:1
334AC0000000125,意匠法,43,10,True,C04_genpon_fukusuu:11;C14_yubin_sotatsu:9;C03_shomen_kofu:8;C13_baitai_shitei:4;C06_sonaeoki_etsuran:3;C16_inshi_genkin:3;C09_keitai_teiji:2;C17_keiyu_teishutsu:1;C21_buppin_hyoji:1;C01_taimen_shutto:1
346AC0000000111,積立式宅地建物販売業法,43,10,True,C23_kyotaku_hoshokin:13;C03_shomen_kofu:8;C06_sonaeoki_etsuran:6;C18_jisan_madoguchi:5;C20_shozaichi_kankatsu:3;C22_techo_shohyo:2;C09_keitai_teiji:2;C07_butsuri_keiji:2;C08_kokoku_gentei:1;C02_jicchi_kakunin:1
415AC0000000118,地方独立行政法人法,40,10,True,C19_kaigitai_kaisai:12;C06_sonaeoki_etsuran:7;C20_shozaichi_kankatsu:5;C08_kokoku_gentei:5;C03_shomen_kofu:4;C18_jisan_madoguchi:2;C02_jicchi_kakunin:2;C13_baitai_shitei:1;C10_jochu_sennin:1;C09_keitai_teiji:1
412AC0000000075,犯罪被害者等の権利利益の保護を図るための刑事手続に付随する措置に関する法律,39,10,False,C03_shomen_kofu:10;C06_sonaeoki_etsuran:8;C01_taimen_shutto:4;C04_genpon_fukusuu:4;C14_yubin_sotatsu:4;C17_keiyu_teishutsu:3;C19_kaigitai_kaisai:3;C20_shozaichi_kankatsu:1;C18_jisan_madoguchi:1;C15_koto_yomikikase:1
323AC1000000194,政治資金規正法,38,10,True,C03_shomen_kofu:18;C06_sonaeoki_etsuran:7;C08_kokoku_gentei:4;C22_techo_shohyo:3;C14_yubin_sotatsu:1;C05_oin_shomei:1;C11_teiki_kensa:1;C13_baitai_shitei:1;C12_taimen_koshu:1;C24_kuji_hassochakusho:1
326AC0000000126,宗教法人法,37,10,False,C20_shozaichi_kankatsu:13;C03_shomen_kofu:6;C18_jisan_madoguchi:5;C04_genpon_fukusuu:4;C08_kokoku_gentei:3;C15_koto_yomikikase:2;C07_butsuri_keiji:1;C06_sonaeoki_etsuran:1;C09_keitai_teiji:1;C01_taimen_shutto:1
345AC0000000048,著作権法,36,10,True,C13_baitai_shitei:12;C15_koto_yomikikase:5;C06_sonaeoki_etsuran:4;C23_kyotaku_hoshokin:4;C03_shomen_kofu:3;C04_genpon_fukusuu:2;C18_jisan_madoguchi:2;C14_yubin_sotatsu:2;C09_keitai_teiji:1;C08_kokoku_gentei:1
333AC1000000135,たばこ耕作組合法,34,10,True,C19_kaigitai_kaisai:12;C03_shomen_kofu:5;C06_sonaeoki_etsuran:3;C18_jisan_madoguchi:3;C20_shozaichi_kankatsu:3;C13_baitai_shitei:2;C01_taimen_shutto:2;C08_kokoku_gentei:2;C04_genpon_fukusuu:1;C05_oin_shomei:1
324AC1000000205,弁護士法,33,10,False,C03_shomen_kofu:9;C20_shozaichi_kankatsu:8;C08_kokoku_gentei:5;C10_jochu_sennin:2;C04_genpon_fukusuu:2;C18_jisan_madoguchi:2;C01_taimen_shutto:2;C06_sonaeoki_etsuran:1;C14_yubin_sotatsu:1;C19_kaigitai_kaisai:1
337AC0000000069,建物の区分所有等に関する法律,31,10,True,C19_kaigitai_kaisai:8;C06_sonaeoki_etsuran:4;C03_shomen_kofu:4;C07_butsuri_keiji:3;C20_shozaichi_kankatsu:3;C18_jisan_madoguchi:3;C01_taimen_shutto:2;C08_kokoku_gentei:2;C13_baitai_shitei:1;C05_oin_shomei:1
505AC0000000067,性的な姿態を撮影する行為等の処罰及び押収物に記録された性的な姿態の影像に係る電磁的記録の消去等に関する法律,29,10,True,C03_shomen_kofu:5;C06_sonaeoki_etsuran:4;C04_genpon_fukusuu:4;C14_yubin_sotatsu:4;C13_baitai_shitei:3;C07_butsuri_keiji:2;C08_kokoku_gentei:2;C18_jisan_madoguchi:2;C20_shozaichi_kankatsu:2;C01_taimen_shutto:1
324AC0000000185,産業標準化法,28,10,True,C03_shomen_kofu:8;C02_jicchi_kakunin:6;C06_sonaeoki_etsuran:4;C09_keitai_teiji:2;C22_techo_shohyo:2;C21_buppin_hyoji:2;C13_baitai_shitei:1;C19_kaigitai_kaisai:1;C04_genpon_fukusuu:1;C08_kokoku_gentei:1
411AC0000000147,無差別大量殺人行為を行った団体の規制に関する法律,28,10,False,C03_shomen_kofu:5;C08_kokoku_gentei:5;C02_jicchi_kakunin:4;C01_taimen_shutto:3;C19_kaigitai_kaisai:3;C09_keitai_teiji:2;C22_techo_shohyo:2;C04_genpon_fukusuu:2;C07_butsuri_keiji:1;C05_oin_shomei:1
414AC0000000103,健康増進法,28,10,True,C02_jicchi_kakunin:6;C07_butsuri_keiji:6;C06_sonaeoki_etsuran:5;C09_keitai_teiji:4;C03_shomen_kofu:2;C22_techo_shohyo:1;C10_jochu_sennin:1;C04_genpon_fukusuu:1;C13_baitai_shitei:1;C08_kokoku_gentei:1
423AC0000000094,原子力損害賠償・廃炉等支援機構法,25,10,False,C20_shozaichi_kankatsu:5;C18_jisan_madoguchi:4;C19_kaigitai_kaisai:3;C06_sonaeoki_etsuran:3;C01_taimen_shutto:2;C03_shomen_kofu:2;C02_jicchi_kakunin:2;C09_keitai_teiji:2;C17_keiyu_teishutsu:1;C08_kokoku_gentei:1
322AC0000000233,食品衛生法,21,10,True,C08_kokoku_gentei:3;C02_jicchi_kakunin:3;C03_shomen_kofu:3;C06_sonaeoki_etsuran:3;C13_baitai_shitei:2;C10_jochu_sennin:2;C12_taimen_koshu:2;C17_keiyu_teishutsu:1;C22_techo_shohyo:1;C04_genpon_fukusuu:1
324CO0000000291,旧日本占領地域に本店を有する会社の本邦内にある財産の整理に関する政令,21,10,False,C18_jisan_madoguchi:5;C06_sonaeoki_etsuran:4;C03_shomen_kofu:4;C09_keitai_teiji:2;C25_kenmen_shoken:1;C04_genpon_fukusuu:1;C23_kyotaku_hoshokin:1;C08_kokoku_gentei:1;C02_jicchi_kakunin:1;C22_techo_shohyo:1
421AC0000000063,株式会社地域経済活性化支援機構法,21,10,True,C03_shomen_kofu:8;C20_shozaichi_kankatsu:3;C05_oin_shomei:2;C06_sonaeoki_etsuran:2;C01_taimen_shutto:1;C13_baitai_shitei:1;C08_kokoku_gentei:1;C02_jicchi_kakunin:1;C09_keitai_teiji:1;C18_jisan_madoguchi:1
325AC0000000144,生活保護法,20,10,True,C02_jicchi_kakunin:4;C03_shomen_kofu:3;C18_jisan_madoguchi:3;C06_sonaeoki_etsuran:2;C13_baitai_shitei:2;C01_taimen_shutto:2;C17_keiyu_teishutsu:1;C09_keitai_teiji:1;C22_techo_shohyo:1;C05_oin_shomei:1
361AC0000000062,預託等取引に関する法律,20,10,True,C03_shomen_kofu:5;C14_yubin_sotatsu:4;C13_baitai_shitei:3;C06_sonaeoki_etsuran:2;C10_jochu_sennin:1;C18_jisan_madoguchi:1;C02_jicchi_kakunin:1;C09_keitai_teiji:1;C07_butsuri_keiji:1;C08_kokoku_gentei:1
401AC0000000064,地域における医療及び介護の総合的な確保の促進に関する法律,20,10,True,C20_shozaichi_kankatsu:5;C17_keiyu_teishutsu:4;C06_sonaeoki_etsuran:3;C02_jicchi_kakunin:2;C05_oin_shomei:1;C03_shomen_kofu:1;C13_baitai_shitei:1;C08_kokoku_gentei:1;C09_keitai_teiji:1;C18_jisan_madoguchi:1
408AC0000000118,農林中央金庫及び特定農水産業協同組合等による信用事業の再編及び強化に関する法律,20,10,True,C03_shomen_kofu:4;C04_genpon_fukusuu:3;C06_sonaeoki_etsuran:3;C01_taimen_shutto:2;C19_kaigitai_kaisai:2;C13_baitai_shitei:2;C08_kokoku_gentei:1;C20_shozaichi_kankatsu:1;C02_jicchi_kakunin:1;C09_keitai_teiji:1
413AC0000000050,確定給付企業年金法,20,10,False,C19_kaigitai_kaisai:6;C18_jisan_madoguchi:3;C20_shozaichi_kankatsu:2;C02_jicchi_kakunin:2;C03_shomen_kofu:2;C08_kokoku_gentei:1;C09_keitai_teiji:1;C22_techo_shohyo:1;C01_taimen_shutto:1;C06_sonaeoki_etsuran:1
425AC0000000098,産業競争力強化法,20,10,True,C03_shomen_kofu:6;C06_sonaeoki_etsuran:4;C09_keitai_teiji:2;C05_oin_shomei:2;C22_techo_shohyo:1;C19_kaigitai_kaisai:1;C01_taimen_shutto:1;C13_baitai_shitei:1;C20_shozaichi_kankatsu:1;C02_jicchi_kakunin:1
506AC0000000038,二酸化炭素の貯留事業に関する法律,20,10,False,C06_sonaeoki_etsuran:5;C09_keitai_teiji:5;C02_jicchi_kakunin:2;C03_shomen_kofu:2;C23_kyotaku_hoshokin:1;C11_teiki_kensa:1;C18_jisan_madoguchi:1;C22_techo_shohyo:1;C01_taimen_shutto:1;C17_keiyu_teishutsu:1
334AC0000000160,中小企業退職金共済法,19,10,True,C22_techo_shohyo:5;C18_jisan_madoguchi:5;C09_keitai_teiji:2;C14_yubin_sotatsu:1;C13_baitai_shitei:1;C16_inshi_genkin:1;C21_buppin_hyoji:1;C07_butsuri_keiji:1;C20_shozaichi_kankatsu:1;C02_jicchi_kakunin:1
413AC0000000137,特定電気通信による情報の流通によって発生する権利侵害等への対処に関する法律,18,10,True,C14_yubin_sotatsu:4;C13_baitai_shitei:3;C03_shomen_kofu:2;C04_genpon_fukusuu:2;C06_sonaeoki_etsuran:2;C01_taimen_shutto:1;C15_koto_yomikikase:1;C19_kaigitai_kaisai:1;C07_butsuri_keiji:1;C08_kokoku_gentei:1
419AC0000000102,電子記録債権法,18,10,True,C08_kokoku_gentei:5;C03_shomen_kofu:4;C06_sonaeoki_etsuran:2;C13_baitai_shitei:1;C14_yubin_sotatsu:1;C02_jicchi_kakunin:1;C09_keitai_teiji:1;C01_taimen_shutto:1;C19_kaigitai_kaisai:1;C04_genpon_fukusuu:1
314AC0000000073,船員保険法,15,10,True,C02_jicchi_kakunin:3;C17_keiyu_teishutsu:2;C03_shomen_kofu:2;C09_keitai_teiji:2;C05_oin_shomei:1;C10_jochu_sennin:1;C18_jisan_madoguchi:1;C20_shozaichi_kankatsu:1;C14_yubin_sotatsu:1;C13_baitai_shitei:1
346AC0000000092,勤労者財産形成促進法,15,10,True,C03_shomen_kofu:5;C18_jisan_madoguchi:2;C11_teiki_kensa:1;C14_yubin_sotatsu:1;C19_kaigitai_kaisai:1;C08_kokoku_gentei:1;C20_shozaichi_kankatsu:1;C02_jicchi_kakunin:1;C09_keitai_teiji:1;C13_baitai_shitei:1
346AC0000000129,沖縄の復帰に伴う特別措置に関する法律,14,10,False,C20_shozaichi_kankatsu:3;C14_yubin_sotatsu:2;C18_jisan_madoguchi:2;C03_shomen_kofu:1;C16_inshi_genkin:1;C22_techo_shohyo:1;C07_butsuri_keiji:1;C09_keitai_teiji:1;C12_taimen_koshu:1;C02_jicchi_kakunin:1
403AC0000000090,借地借家法,14,10,True,C03_shomen_kofu:4;C14_yubin_sotatsu:2;C07_butsuri_keiji:1;C13_baitai_shitei:1;C18_jisan_madoguchi:1;C20_shozaichi_kankatsu:1;C04_genpon_fukusuu:1;C06_sonaeoki_etsuran:1;C01_taimen_shutto:1;C19_kaigitai_kaisai:1
336AC0000000159,割賦販売法,85,9,True,C03_shomen_kofu:33;C23_kyotaku_hoshokin:21;C18_jisan_madoguchi:10;C06_sonaeoki_etsuran:7;C09_keitai_teiji:5;C08_kokoku_gentei:4;C13_baitai_shitei:2;C14_yubin_sotatsu:2;C02_jicchi_kakunin:1
342AC0000000081,住民基本台帳法,85,9,True,C13_baitai_shitei:39;C03_shomen_kofu:22;C09_keitai_teiji:8;C06_sonaeoki_etsuran:6;C14_yubin_sotatsu:3;C18_jisan_madoguchi:2;C05_oin_shomei:2;C02_jicchi_kakunin:2;C11_teiki_kensa:1
323AC0000000122,風俗営業等の規制及び業務の適正化等に関する法律,67,9,True,C20_shozaichi_kankatsu:19;C03_shomen_kofu:18;C07_butsuri_keiji:6;C02_jicchi_kakunin:5;C22_techo_shohyo:5;C18_jisan_madoguchi:4;C09_keitai_teiji:4;C12_taimen_koshu:3;C06_sonaeoki_etsuran:3
325AC0100000214,文化財保護法,57,9,False,C08_kokoku_gentei:17;C03_shomen_kofu:15;C22_techo_shohyo:8;C18_jisan_madoguchi:5;C09_keitai_teiji:3;C02_jicchi_kakunin:3;C05_oin_shomei:2;C07_butsuri_keiji:2;C01_taimen_shutto:2
414AC0000000088,鳥獣の保護及び管理並びに狩猟の適正化に関する法律,57,9,False,C18_jisan_madoguchi:16;C22_techo_shohyo:14;C09_keitai_teiji:13;C02_jicchi_kakunin:4;C20_shozaichi_kankatsu:3;C03_shomen_kofu:3;C07_butsuri_keiji:2;C06_sonaeoki_etsuran:1;C12_taimen_koshu:1
421AC0000000059,資金決済に関する法律,57,9,True,C23_kyotaku_hoshokin:17;C03_shomen_kofu:16;C02_jicchi_kakunin:8;C06_sonaeoki_etsuran:7;C11_teiki_kensa:3;C07_butsuri_keiji:3;C13_baitai_shitei:1;C22_techo_shohyo:1;C09_keitai_teiji:1
414AC0000000087,使用済自動車の再資源化等に関する法律,56,9,True,C18_jisan_madoguchi:24;C06_sonaeoki_etsuran:10;C13_baitai_shitei:7;C20_shozaichi_kankatsu:4;C09_keitai_teiji:3;C03_shomen_kofu:3;C07_butsuri_keiji:2;C02_jicchi_kakunin:2;C22_techo_shohyo:1
415AC0000000057,個人情報の保護に関する法律,43,9,True,C03_shomen_kofu:16;C13_baitai_shitei:7;C14_yubin_sotatsu:6;C09_keitai_teiji:4;C06_sonaeoki_etsuran:4;C02_jicchi_kakunin:3;C07_butsuri_keiji:1;C08_kokoku_gentei:1;C17_keiyu_teishutsu:1
426AC0000000059,少年鑑別所法,43,9,False,C18_jisan_madoguchi:15;C01_taimen_shutto:11;C03_shomen_kofu:6;C06_sonaeoki_etsuran:5;C02_jicchi_kakunin:2;C08_kokoku_gentei:1;C20_shozaichi_kankatsu:1;C04_genpon_fukusuu:1;C15_koto_yomikikase:1
402AC0000000030,工業所有権に関する手続等の特例に関する法律,41,9,True,C13_baitai_shitei:13;C03_shomen_kofu:7;C06_sonaeoki_etsuran:7;C16_inshi_genkin:4;C04_genpon_fukusuu:3;C14_yubin_sotatsu:2;C09_keitai_teiji:2;C08_kokoku_gentei:2;C02_jicchi_kakunin:1
426AC0000000058,少年院法,40,9,False,C01_taimen_shutto:11;C18_jisan_madoguchi:11;C03_shomen_kofu:6;C06_sonaeoki_etsuran:4;C20_shozaichi_kankatsu:3;C02_jicchi_kakunin:2;C08_kokoku_gentei:1;C04_genpon_fukusuu:1;C15_koto_yomikikase:1
414AC0000000066,国際受刑者移送法,39,9,False,C18_jisan_madoguchi:13;C03_shomen_kofu:9;C01_taimen_shutto:4;C05_oin_shomei:4;C04_genpon_fukusuu:4;C14_yubin_sotatsu:2;C10_jochu_sennin:1;C21_buppin_hyoji:1;C17_keiyu_teishutsu:1
401AC0000000091,民事保全法,36,9,False,C23_kyotaku_hoshokin:10;C14_yubin_sotatsu:6;C20_shozaichi_kankatsu:5;C18_jisan_madoguchi:4;C04_genpon_fukusuu:3;C01_taimen_shutto:3;C03_shomen_kofu:3;C06_sonaeoki_etsuran:1;C09_keitai_teiji:1
325AC0000000292,鉱業等に係る土地利用の調整手続等に関する法律,32,9,False,C14_yubin_sotatsu:8;C04_genpon_fukusuu:8;C03_shomen_kofu:6;C01_taimen_shutto:3;C05_oin_shomei:2;C06_sonaeoki_etsuran:2;C02_jicchi_kakunin:1;C09_keitai_teiji:1;C22_techo_shohyo:1
349AC0000000116,雇用保険法,32,9,True,C01_taimen_shutto:10;C16_inshi_genkin:10;C03_shomen_kofu:3;C12_taimen_koshu:2;C18_jisan_madoguchi:2;C22_techo_shohyo:2;C02_jicchi_kakunin:1;C09_keitai_teiji:1;C13_baitai_shitei:1
348AC1000000105,動物の愛護及び管理に関する法律,28,9,True,C02_jicchi_kakunin:7;C06_sonaeoki_etsuran:5;C18_jisan_madoguchi:5;C20_shozaichi_kankatsu:3;C07_butsuri_keiji:2;C13_baitai_shitei:2;C09_keitai_teiji:2;C01_taimen_shutto:1;C08_kokoku_gentei:1
419AC0000000074,株式会社商工組合中央金庫法,28,9,True,C06_sonaeoki_etsuran:7;C02_jicchi_kakunin:4;C09_keitai_teiji:4;C25_kenmen_shoken:3;C03_shomen_kofu:3;C08_kokoku_gentei:3;C07_butsuri_keiji:2;C13_baitai_shitei:1;C23_kyotaku_hoshokin:1
344AC0000000046,租税条約等の実施に伴う所得税法、法人税法及び地方税法の特例等に関する法律,27,9,True,C03_shomen_kofu:9;C14_yubin_sotatsu:4;C09_keitai_teiji:4;C13_baitai_shitei:3;C18_jisan_madoguchi:2;C02_jicchi_kakunin:2;C01_taimen_shutto:1;C05_oin_shomei:1;C20_shozaichi_kankatsu:1
350AC0000000095,船舶油濁等損害賠償保障法,27,9,False,C03_shomen_kofu:6;C18_jisan_madoguchi:4;C20_shozaichi_kankatsu:4;C14_yubin_sotatsu:3;C22_techo_shohyo:3;C06_sonaeoki_etsuran:3;C02_jicchi_kakunin:2;C23_kyotaku_hoshokin:1;C09_keitai_teiji:1
412AC0000000087,大深度地下の公共的使用に関する特別措置法,27,9,False,C06_sonaeoki_etsuran:5;C03_shomen_kofu:5;C08_kokoku_gentei:4;C02_jicchi_kakunin:3;C18_jisan_madoguchi:3;C17_keiyu_teishutsu:2;C23_kyotaku_hoshokin:2;C01_taimen_shutto:2;C14_yubin_sotatsu:1
424AC0000000065,子ども・子育て支援法,25,9,True,C02_jicchi_kakunin:7;C01_taimen_shutto:7;C09_keitai_teiji:4;C06_sonaeoki_etsuran:2;C20_shozaichi_kankatsu:1;C16_inshi_genkin:1;C18_jisan_madoguchi:1;C22_techo_shohyo:1;C08_kokoku_gentei:1
140AC0000000045,刑法,24,9,True,C13_baitai_shitei:6;C05_oin_shomei:5;C04_genpon_fukusuu:3;C18_jisan_madoguchi:3;C21_buppin_hyoji:2;C02_jicchi_kakunin:2;C03_shomen_kofu:1;C25_kenmen_shoken:1;C24_kuji_hassochakusho:1
344AC0000000084,労働保険の保険料の徴収等に関する法律,23,9,True,C16_inshi_genkin:10;C06_sonaeoki_etsuran:3;C03_shomen_kofu:3;C22_techo_shohyo:2;C14_yubin_sotatsu:1;C01_taimen_shutto:1;C02_jicchi_kakunin:1;C09_keitai_teiji:1;C13_baitai_shitei:1
410AC0000000117,地球温暖化対策の推進に関する法律,23,9,True,C03_shomen_kofu:5;C04_genpon_fukusuu:3;C20_shozaichi_kankatsu:3;C13_baitai_shitei:3;C06_sonaeoki_etsuran:3;C05_oin_shomei:2;C02_jicchi_kakunin:2;C01_taimen_shutto:1;C09_keitai_teiji:1
328AC1000000035,飼料の安全性の確保及び品質の改善に関する法律,22,9,True,C06_sonaeoki_etsuran:5;C03_shomen_kofu:4;C02_jicchi_kakunin:4;C04_genpon_fukusuu:3;C21_buppin_hyoji:2;C13_baitai_shitei:1;C08_kokoku_gentei:1;C09_keitai_teiji:1;C22_techo_shohyo:1
418AC0000000004,石綿による健康被害の救済に関する法律,22,9,True,C22_techo_shohyo:4;C09_keitai_teiji:4;C03_shomen_kofu:4;C02_jicchi_kakunin:3;C01_taimen_shutto:3;C14_yubin_sotatsu:1;C13_baitai_shitei:1;C16_inshi_genkin:1;C06_sonaeoki_etsuran:1
418AC0000000087,犯罪被害財産等による被害回復給付金の支給に関する法律,22,9,False,C03_shomen_kofu:7;C08_kokoku_gentei:3;C04_genpon_fukusuu:3;C14_yubin_sotatsu:3;C01_taimen_shutto:2;C05_oin_shomei:1;C07_butsuri_keiji:1;C06_sonaeoki_etsuran:1;C20_shozaichi_kankatsu:1
325AC0000000179,国会議員の選挙等の執行経費の基準に関する法律,21,9,True,C07_butsuri_keiji:5;C13_baitai_shitei:4;C01_taimen_shutto:3;C04_genpon_fukusuu:3;C08_kokoku_gentei:2;C03_shomen_kofu:1;C14_yubin_sotatsu:1;C20_shozaichi_kankatsu:1;C18_jisan_madoguchi:1
348AC0000000031,消費生活用製品安全法,21,9,True,C03_shomen_kofu:4;C02_jicchi_kakunin:4;C18_jisan_madoguchi:3;C06_sonaeoki_etsuran:3;C13_baitai_shitei:2;C09_keitai_teiji:2;C21_buppin_hyoji:1;C04_genpon_fukusuu:1;C08_kokoku_gentei:1
421AC0000000050,消費者安全法,21,9,True,C06_sonaeoki_etsuran:5;C03_shomen_kofu:3;C02_jicchi_kakunin:3;C10_jochu_sennin:2;C13_baitai_shitei:2;C09_keitai_teiji:2;C08_kokoku_gentei:2;C04_genpon_fukusuu:1;C01_taimen_shutto:1
325CO0000000252,ドイツ財産管理令,19,9,False,C18_jisan_madoguchi:5;C25_kenmen_shoken:5;C06_sonaeoki_etsuran:3;C19_kaigitai_kaisai:1;C03_shomen_kofu:1;C01_taimen_shutto:1;C02_jicchi_kakunin:1;C09_keitai_teiji:1;C22_techo_shohyo:1
326AC1000000242,モーターボート競走法,19,9,True,C08_kokoku_gentei:6;C25_kenmen_shoken:4;C06_sonaeoki_etsuran:3;C20_shozaichi_kankatsu:1;C13_baitai_shitei:1;C03_shomen_kofu:1;C22_techo_shohyo:1;C02_jicchi_kakunin:1;C09_keitai_teiji:1
351AC0000000088,揮発油等の品質の確保等に関する法律,19,9,True,C03_shomen_kofu:7;C06_sonaeoki_etsuran:3;C07_butsuri_keiji:2;C09_keitai_teiji:2;C13_baitai_shitei:1;C18_jisan_madoguchi:1;C04_genpon_fukusuu:1;C08_kokoku_gentei:1;C02_jicchi_kakunin:1
412AC0000000061,消費者契約法,19,9,True,C03_shomen_kofu:6;C06_sonaeoki_etsuran:5;C07_butsuri_keiji:2;C18_jisan_madoguchi:1;C19_kaigitai_kaisai:1;C04_genpon_fukusuu:1;C13_baitai_shitei:1;C02_jicchi_kakunin:1;C09_keitai_teiji:1
503AC0000000080,中小事業主が行う事業に従事する者等の労働災害等に係る共済事業に関する法律,19,9,True,C06_sonaeoki_etsuran:6;C08_kokoku_gentei:3;C07_butsuri_keiji:2;C02_jicchi_kakunin:2;C23_kyotaku_hoshokin:2;C13_baitai_shitei:1;C09_keitai_teiji:1;C22_techo_shohyo:1;C04_genpon_fukusuu:1
327AC0000000140,日本国とアメリカ合衆国との間の相互協力及び安全保障条約第六条に基づく施設及び区域並びに日本国における合衆国軍隊の地位に関する協定の実施に伴う土地等の使用等に関する特別措置法,18,9,False,C03_shomen_kofu:5;C08_kokoku_gentei:4;C06_sonaeoki_etsuran:2;C20_shozaichi_kankatsu:2;C01_taimen_shutto:1;C23_kyotaku_hoshokin:1;C02_jicchi_kakunin:1;C04_genpon_fukusuu:1;C14_yubin_sotatsu:1
345AC0000000089,林業種苗法,18,9,True,C20_shozaichi_kankatsu:5;C06_sonaeoki_etsuran:3;C03_shomen_kofu:2;C12_taimen_koshu:2;C22_techo_shohyo:2;C18_jisan_madoguchi:1;C02_jicchi_kakunin:1;C09_keitai_teiji:1;C13_baitai_shitei:1
424AC0000000025,福島復興再生特別措置法,18,9,True,C03_shomen_kofu:6;C06_sonaeoki_etsuran:3;C02_jicchi_kakunin:2;C17_keiyu_teishutsu:2;C18_jisan_madoguchi:1;C10_jochu_sennin:1;C08_kokoku_gentei:1;C09_keitai_teiji:1;C01_taimen_shutto:1
427AC0000000035,株式会社海外通信・放送・郵便事業支援機構法,18,9,True,C14_yubin_sotatsu:7;C03_shomen_kofu:3;C05_oin_shomei:2;C01_taimen_shutto:1;C13_baitai_shitei:1;C06_sonaeoki_etsuran:1;C20_shozaichi_kankatsu:1;C02_jicchi_kakunin:1;C09_keitai_teiji:1
324AC0000000210,通訳案内士法,17,9,True,C06_sonaeoki_etsuran:5;C12_taimen_koshu:3;C08_kokoku_gentei:2;C09_keitai_teiji:2;C15_koto_yomikikase:1;C03_shomen_kofu:1;C04_genpon_fukusuu:1;C13_baitai_shitei:1;C02_jicchi_kakunin:1
327AC0000000165,気象業務法,17,9,True,C06_sonaeoki_etsuran:6;C03_shomen_kofu:2;C21_buppin_hyoji:2;C02_jicchi_kakunin:2;C18_jisan_madoguchi:1;C04_genpon_fukusuu:1;C13_baitai_shitei:1;C09_keitai_teiji:1;C22_techo_shohyo:1
336AC0000000234,電気用品安全法,17,9,True,C06_sonaeoki_etsuran:3;C13_baitai_shitei:2;C03_shomen_kofu:2;C18_jisan_madoguchi:2;C21_buppin_hyoji:2;C02_jicchi_kakunin:2;C09_keitai_teiji:2;C04_genpon_fukusuu:1;C08_kokoku_gentei:1
323AC0000000158,競馬法,15,9,True,C25_kenmen_shoken:3;C03_shomen_kofu:3;C19_kaigitai_kaisai:3;C13_baitai_shitei:1;C06_sonaeoki_etsuran:1;C08_kokoku_gentei:1;C18_jisan_madoguchi:1;C02_jicchi_kakunin:1;C09_keitai_teiji:1
323AC0000000203,保健師助産師看護師法,15,9,True,C02_jicchi_kakunin:3;C22_techo_shohyo:2;C06_sonaeoki_etsuran:2;C09_keitai_teiji:2;C12_taimen_koshu:2;C01_taimen_shutto:1;C03_shomen_kofu:1;C18_jisan_madoguchi:1;C13_baitai_shitei:1
413AC0000000102,小型船舶の登録等に関する法律,15,9,False,C09_keitai_teiji:3;C13_baitai_shitei:2;C04_genpon_fukusuu:2;C18_jisan_madoguchi:2;C08_kokoku_gentei:2;C03_shomen_kofu:1;C06_sonaeoki_etsuran:1;C02_jicchi_kakunin:1;C22_techo_shohyo:1
421AC1000000081,水俣病被害者の救済及び水俣病問題の解決に関する特別措置法,15,9,False,C08_kokoku_gentei:4;C02_jicchi_kakunin:2;C09_keitai_teiji:2;C06_sonaeoki_etsuran:2;C22_techo_shohyo:1;C14_yubin_sotatsu:1;C20_shozaichi_kankatsu:1;C04_genpon_fukusuu:1;C03_shomen_kofu:1
324AC0000000189,屋外広告物法,14,9,True,C06_sonaeoki_etsuran:4;C07_butsuri_keiji:2;C03_shomen_kofu:2;C12_taimen_koshu:1;C10_jochu_sennin:1;C04_genpon_fukusuu:1;C13_baitai_shitei:1;C02_jicchi_kakunin:1;C09_keitai_teiji:1
326AC0000000088,農業委員会等に関する法律,14,9,True,C01_taimen_shutto:4;C09_keitai_teiji:3;C10_jochu_sennin:1;C03_shomen_kofu:1;C19_kaigitai_kaisai:1;C04_genpon_fukusuu:1;C06_sonaeoki_etsuran:1;C12_taimen_koshu:1;C02_jicchi_kakunin:1
327AC0000000299,輸出入取引法,14,9,True,C08_kokoku_gentei:3;C06_sonaeoki_etsuran:3;C03_shomen_kofu:2;C19_kaigitai_kaisai:1;C07_butsuri_keiji:1;C18_jisan_madoguchi:1;C20_shozaichi_kankatsu:1;C09_keitai_teiji:1;C04_genpon_fukusuu:1
415AC0000000027,株式会社産業再生機構法,14,9,True,C03_shomen_kofu:3;C05_oin_shomei:2;C06_sonaeoki_etsuran:2;C20_shozaichi_kankatsu:2;C01_taimen_shutto:1;C13_baitai_shitei:1;C08_kokoku_gentei:1;C02_jicchi_kakunin:1;C09_keitai_teiji:1
416AC0000000045,労働審判法,12,9,False,C14_yubin_sotatsu:3;C01_taimen_shutto:2;C20_shozaichi_kankatsu:1;C03_shomen_kofu:1;C19_kaigitai_kaisai:1;C15_koto_yomikikase:1;C18_jisan_madoguchi:1;C04_genpon_fukusuu:1;C06_sonaeoki_etsuran:1
335AC0000000146,薬剤師法,11,9,True,C22_techo_shohyo:2;C18_jisan_madoguchi:2;C01_taimen_shutto:1;C03_shomen_kofu:1;C02_jicchi_kakunin:1;C09_keitai_teiji:1;C17_keiyu_teishutsu:1;C05_oin_shomei:1;C12_taimen_koshu:1
333AC0000000006,銃砲刀剣類所持等取締法,75,8,False,C20_shozaichi_kankatsu:28;C18_jisan_madoguchi:10;C09_keitai_teiji:10;C12_taimen_koshu:8;C22_techo_shohyo:7;C06_sonaeoki_etsuran:7;C03_shomen_kofu:3;C02_jicchi_kakunin:2
307AC0000000020,手形法,51,8,False,C09_keitai_teiji:20;C05_oin_shomei:19;C04_genpon_fukusuu:7;C18_jisan_madoguchi:1;C23_kyotaku_hoshokin:1;C14_yubin_sotatsu:1;C22_techo_shohyo:1;C16_inshi_genkin:1
416AC0000000154,信託業法,48,8,True,C06_sonaeoki_etsuran:13;C03_shomen_kofu:10;C10_jochu_sennin:5;C23_kyotaku_hoshokin:5;C07_butsuri_keiji:5;C02_jicchi_kakunin:5;C09_keitai_teiji:4;C13_baitai_shitei:1
416AC0000000063,裁判員の参加する刑事裁判に関する法律,45,8,False,C01_taimen_shutto:21;C19_kaigitai_kaisai:10;C24_kuji_hassochakusho:4;C06_sonaeoki_etsuran:3;C14_yubin_sotatsu:3;C13_baitai_shitei:2;C18_jisan_madoguchi:1;C15_koto_yomikikase:1
412AC1000000082,児童虐待の防止等に関する法律,38,8,False,C02_jicchi_kakunin:19;C01_taimen_shutto:5;C22_techo_shohyo:4;C03_shomen_kofu:2;C05_oin_shomei:2;C20_shozaichi_kankatsu:2;C09_keitai_teiji:2;C18_jisan_madoguchi:2
418AC0000000050,一般社団法人及び一般財団法人に関する法律及び公益社団法人及び公益財団法人の認定等に関する法律の施行に伴う関係法律の整備等に関する法律,35,8,True,C03_shomen_kofu:10;C20_shozaichi_kankatsu:9;C06_sonaeoki_etsuran:8;C08_kokoku_gentei:4;C17_keiyu_teishutsu:1;C04_genpon_fukusuu:1;C02_jicchi_kakunin:1;C09_keitai_teiji:1
406AC0000000077,不動産特定共同事業法,33,8,True,C06_sonaeoki_etsuran:11;C03_shomen_kofu:10;C20_shozaichi_kankatsu:4;C02_jicchi_kakunin:3;C07_butsuri_keiji:2;C11_teiki_kensa:1;C09_keitai_teiji:1;C04_genpon_fukusuu:1
430AC0000000049,所有者不明土地の利用の円滑化等に関する特別措置法,33,8,False,C20_shozaichi_kankatsu:7;C02_jicchi_kakunin:6;C03_shomen_kofu:6;C06_sonaeoki_etsuran:5;C09_keitai_teiji:4;C23_kyotaku_hoshokin:2;C18_jisan_madoguchi:2;C07_butsuri_keiji:1
325AC0000000149,火薬類取締法,32,8,False,C09_keitai_teiji:8;C18_jisan_madoguchi:7;C22_techo_shohyo:6;C06_sonaeoki_etsuran:4;C02_jicchi_kakunin:3;C11_teiki_kensa:2;C03_shomen_kofu:1;C08_kokoku_gentei:1
416AC0000000031,国際航海船舶及び国際港湾施設の保安の確保等に関する法律,32,8,False,C06_sonaeoki_etsuran:10;C18_jisan_madoguchi:10;C12_taimen_koshu:3;C03_shomen_kofu:3;C02_jicchi_kakunin:3;C11_teiki_kensa:1;C22_techo_shohyo:1;C09_keitai_teiji:1
334AC0000000123,実用新案法,31,8,True,C04_genpon_fukusuu:9;C14_yubin_sotatsu:7;C03_shomen_kofu:5;C13_baitai_shitei:3;C16_inshi_genkin:3;C06_sonaeoki_etsuran:2;C09_keitai_teiji:1;C01_taimen_shutto:1
322AC0000000049,労働基準法,30,8,False,C03_shomen_kofu:17;C06_sonaeoki_etsuran:4;C02_jicchi_kakunin:3;C01_taimen_shutto:2;C24_kuji_hassochakusho:1;C09_keitai_teiji:1;C22_techo_shohyo:1;C07_butsuri_keiji:1
324AC0000000183,協同組合による金融事業に関する法律,29,8,True,C06_sonaeoki_etsuran:11;C03_shomen_kofu:6;C07_butsuri_keiji:4;C04_genpon_fukusuu:2;C02_jicchi_kakunin:2;C08_kokoku_gentei:2;C13_baitai_shitei:1;C01_taimen_shutto:1
417AC0000000123,障害者の日常生活及び社会生活を総合的に支援するための法律,29,8,True,C01_taimen_shutto:11;C02_jicchi_kakunin:9;C09_keitai_teiji:4;C06_sonaeoki_etsuran:1;C17_keiyu_teishutsu:1;C20_shozaichi_kankatsu:1;C03_shomen_kofu:1;C15_koto_yomikikase:1
343AC0000000086,金融機関の合併及び転換に関する法律,27,8,True,C06_sonaeoki_etsuran:9;C04_genpon_fukusuu:6;C19_kaigitai_kaisai:4;C01_taimen_shutto:3;C08_kokoku_gentei:2;C13_baitai_shitei:1;C03_shomen_kofu:1;C20_shozaichi_kankatsu:1
322AC1000000136,最高裁判所裁判官国民審査法,26,8,True,C01_taimen_shutto:9;C08_kokoku_gentei:6;C05_oin_shomei:4;C07_butsuri_keiji:2;C18_jisan_madoguchi:2;C24_kuji_hassochakusho:1;C13_baitai_shitei:1;C14_yubin_sotatsu:1
345AC0000000108,公害紛争処理法,26,8,False,C03_shomen_kofu:7;C02_jicchi_kakunin:6;C01_taimen_shutto:5;C14_yubin_sotatsu:3;C04_genpon_fukusuu:2;C17_keiyu_teishutsu:1;C19_kaigitai_kaisai:1;C05_oin_shomei:1
361AC0000000066,外国弁護士による法律事務の取扱い等に関する法律,25,8,False,C03_shomen_kofu:10;C17_keiyu_teishutsu:5;C08_kokoku_gentei:3;C01_taimen_shutto:2;C19_kaigitai_kaisai:2;C14_yubin_sotatsu:1;C07_butsuri_keiji:1;C04_genpon_fukusuu:1
327AC0000000229,農地法,24,8,True,C03_shomen_kofu:6;C23_kyotaku_hoshokin:6;C06_sonaeoki_etsuran:3;C18_jisan_madoguchi:3;C04_genpon_fukusuu:2;C09_keitai_teiji:2;C17_keiyu_teishutsu:1;C13_baitai_shitei:1
411AC0000000137,犯罪捜査のための通信傍受に関する法律,24,8,False,C13_baitai_shitei:4;C01_taimen_shutto:4;C21_buppin_hyoji:4;C03_shomen_kofu:4;C06_sonaeoki_etsuran:4;C05_oin_shomei:2;C04_genpon_fukusuu:1;C20_shozaichi_kankatsu:1
413AC0000000131,銀行等の株式等の保有の制限等に関する法律,24,8,True,C19_kaigitai_kaisai:7;C20_shozaichi_kankatsu:5;C01_taimen_shutto:4;C06_sonaeoki_etsuran:3;C03_shomen_kofu:2;C08_kokoku_gentei:1;C02_jicchi_kakunin:1;C09_keitai_teiji:1
414AC0000000151,情報通信技術を活用した行政の推進等に関する法律,24,8,True,C13_baitai_shitei:7;C04_genpon_fukusuu:4;C05_oin_shomei:4;C06_sonaeoki_etsuran:3;C01_taimen_shutto:3;C17_keiyu_teishutsu:1;C16_inshi_genkin:1;C03_shomen_kofu:1
416AC0000000112,武力攻撃事態等における国民の保護のための措置に関する法律,24,8,True,C17_keiyu_teishutsu:9;C02_jicchi_kakunin:7;C04_genpon_fukusuu:2;C09_keitai_teiji:2;C01_taimen_shutto:1;C03_shomen_kofu:1;C18_jisan_madoguchi:1;C14_yubin_sotatsu:1
419AC0000000057,株式会社日本政策金融公庫法,24,8,True,C17_keiyu_teishutsu:9;C08_kokoku_gentei:5;C06_sonaeoki_etsuran:3;C25_kenmen_shoken:2;C02_jicchi_kakunin:2;C13_baitai_shitei:1;C03_shomen_kofu:1;C09_keitai_teiji:1
321AC0000000040,企業再建整備法,23,8,False,C03_shomen_kofu:9;C06_sonaeoki_etsuran:6;C18_jisan_madoguchi:2;C20_shozaichi_kankatsu:2;C25_kenmen_shoken:1;C02_jicchi_kakunin:1;C09_keitai_teiji:1;C22_techo_shohyo:1
415AC0000000110,心神喪失等の状態で重大な他害行為を行った者の医療及び観察等に関する法律,23,8,True,C01_taimen_shutto:10;C20_shozaichi_kankatsu:3;C19_kaigitai_kaisai:3;C02_jicchi_kakunin:3;C06_sonaeoki_etsuran:1;C13_baitai_shitei:1;C10_jochu_sennin:1;C09_keitai_teiji:1
419AC0000000088,更生保護法,23,8,True,C01_taimen_shutto:8;C03_shomen_kofu:5;C20_shozaichi_kankatsu:3;C09_keitai_teiji:2;C06_sonaeoki_etsuran:2;C22_techo_shohyo:1;C04_genpon_fukusuu:1;C14_yubin_sotatsu:1
416AC0000000116,武力攻撃事態及び存立危機事態における外国軍用品等の海上輸送の規制に関する法律,22,8,False,C03_shomen_kofu:7;C01_taimen_shutto:5;C18_jisan_madoguchi:3;C02_jicchi_kakunin:2;C09_keitai_teiji:2;C21_buppin_hyoji:1;C04_genpon_fukusuu:1;C06_sonaeoki_etsuran:1
427AC0000000053,建築物のエネルギー消費性能の向上等に関する法律,22,8,True,C02_jicchi_kakunin:5;C18_jisan_madoguchi:4;C03_shomen_kofu:4;C06_sonaeoki_etsuran:4;C10_jochu_sennin:2;C09_keitai_teiji:1;C04_genpon_fukusuu:1;C13_baitai_shitei:1
322AC1000000079,国会法,21,8,False,C01_taimen_shutto:7;C17_keiyu_teishutsu:5;C22_techo_shohyo:4;C05_oin_shomei:1;C08_kokoku_gentei:1;C15_koto_yomikikase:1;C24_kuji_hassochakusho:1;C03_shomen_kofu:1
323AC0000000201,医師法,21,8,True,C12_taimen_koshu:7;C01_taimen_shutto:3;C18_jisan_madoguchi:3;C02_jicchi_kakunin:3;C22_techo_shohyo:2;C17_keiyu_teishutsu:1;C03_shomen_kofu:1;C09_keitai_teiji:1
324AC1000000208,家畜商法,21,8,True,C23_kyotaku_hoshokin:7;C12_taimen_koshu:3;C06_sonaeoki_etsuran:3;C20_shozaichi_kankatsu:2;C22_techo_shohyo:2;C09_keitai_teiji:2;C02_jicchi_kakunin:1;C13_baitai_shitei:1
415AC0000000077,特定都市河川浸水被害対策法,21,8,False,C03_shomen_kofu:6;C06_sonaeoki_etsuran:5;C02_jicchi_kakunin:4;C09_keitai_teiji:2;C07_butsuri_keiji:1;C04_genpon_fukusuu:1;C18_jisan_madoguchi:1;C22_techo_shohyo:1
322IO0000000074,閉鎖機関令,20,8,False,C20_shozaichi_kankatsu:5;C18_jisan_madoguchi:3;C03_shomen_kofu:3;C06_sonaeoki_etsuran:3;C19_kaigitai_kaisai:3;C01_taimen_shutto:1;C25_kenmen_shoken:1;C23_kyotaku_hoshokin:1
325AC0000000175,日本農林規格等に関する法律,19,8,True,C21_buppin_hyoji:6;C03_shomen_kofu:3;C06_sonaeoki_etsuran:3;C02_jicchi_kakunin:3;C19_kaigitai_kaisai:1;C04_genpon_fukusuu:1;C13_baitai_shitei:1;C09_keitai_teiji:1
325AC1000000137,漁港及び漁場の整備等に関する法律,19,8,False,C02_jicchi_kakunin:5;C06_sonaeoki_etsuran:4;C09_keitai_teiji:3;C22_techo_shohyo:3;C01_taimen_shutto:1;C19_kaigitai_kaisai:1;C20_shozaichi_kankatsu:1;C23_kyotaku_hoshokin:1
407AC0000000086,更生保護事業法,19,8,False,C06_sonaeoki_etsuran:6;C20_shozaichi_kankatsu:3;C18_jisan_madoguchi:2;C08_kokoku_gentei:2;C03_shomen_kofu:2;C02_jicchi_kakunin:2;C01_taimen_shutto:1;C09_keitai_teiji:1
325AC0000000209,家畜改良増殖法,18,8,True,C18_jisan_madoguchi:3;C09_keitai_teiji:3;C22_techo_shohyo:3;C02_jicchi_kakunin:3;C12_taimen_koshu:2;C11_teiki_kensa:2;C20_shozaichi_kankatsu:1;C13_baitai_shitei:1
345AC1000000096,電気工事業の業務の適正化に関する法律,18,8,False,C18_jisan_madoguchi:4;C06_sonaeoki_etsuran:3;C20_shozaichi_kankatsu:2;C22_techo_shohyo:2;C04_genpon_fukusuu:2;C07_butsuri_keiji:2;C09_keitai_teiji:2;C02_jicchi_kakunin:1
348AC0000000111,公害健康被害の補償等に関する法律,18,8,False,C01_taimen_shutto:4;C22_techo_shohyo:3;C09_keitai_teiji:3;C03_shomen_kofu:3;C02_jicchi_kakunin:2;C14_yubin_sotatsu:1;C19_kaigitai_kaisai:1;C06_sonaeoki_etsuran:1
423AC0000000123,津波防災地域づくりに関する法律,18,8,False,C03_shomen_kofu:5;C02_jicchi_kakunin:4;C06_sonaeoki_etsuran:4;C09_keitai_teiji:1;C07_butsuri_keiji:1;C04_genpon_fukusuu:1;C18_jisan_madoguchi:1;C22_techo_shohyo:1
328AC0000000196,信用保証協会法,17,8,False,C20_shozaichi_kankatsu:4;C06_sonaeoki_etsuran:3;C18_jisan_madoguchi:2;C08_kokoku_gentei:2;C02_jicchi_kakunin:2;C09_keitai_teiji:2;C22_techo_shohyo:1;C17_keiyu_teishutsu:1
336AC0000000150,公共用地の取得に関する特別措置法,17,8,False,C03_shomen_kofu:7;C06_sonaeoki_etsuran:3;C23_kyotaku_hoshokin:2;C10_jochu_sennin:1;C20_shozaichi_kankatsu:1;C08_kokoku_gentei:1;C04_genpon_fukusuu:1;C14_yubin_sotatsu:1
350AC0000000067,大都市地域における住宅及び住宅地の供給の促進に関する特別措置法,17,8,True,C19_kaigitai_kaisai:3;C06_sonaeoki_etsuran:3;C02_jicchi_kakunin:3;C20_shozaichi_kankatsu:2;C03_shomen_kofu:2;C09_keitai_teiji:2;C17_keiyu_teishutsu:1;C01_taimen_shutto:1
414AC0000000136,独立行政法人国際協力機構法,17,8,True,C17_keiyu_teishutsu:8;C06_sonaeoki_etsuran:2;C02_jicchi_kakunin:2;C08_kokoku_gentei:1;C13_baitai_shitei:1;C20_shozaichi_kankatsu:1;C18_jisan_madoguchi:1;C09_keitai_teiji:1
424AC0000000031,新型インフルエンザ等対策特別措置法,17,8,True,C04_genpon_fukusuu:4;C01_taimen_shutto:3;C02_jicchi_kakunin:3;C17_keiyu_teishutsu:2;C03_shomen_kofu:2;C06_sonaeoki_etsuran:1;C14_yubin_sotatsu:1;C09_keitai_teiji:1
323AC0000000202,歯科医師法,16,8,True,C12_taimen_koshu:4;C18_jisan_madoguchi:3;C02_jicchi_kakunin:3;C22_techo_shohyo:2;C17_keiyu_teishutsu:1;C01_taimen_shutto:1;C03_shomen_kofu:1;C09_keitai_teiji:1
360AC0000000043,半導体集積回路の回路配置に関する法律,16,8,True,C06_sonaeoki_etsuran:6;C04_genpon_fukusuu:3;C18_jisan_madoguchi:2;C03_shomen_kofu:1;C13_baitai_shitei:1;C02_jicchi_kakunin:1;C09_keitai_teiji:1;C08_kokoku_gentei:1
405AC0000000047,不正競争防止法,16,8,True,C18_jisan_madoguchi:5;C03_shomen_kofu:2;C14_yubin_sotatsu:2;C06_sonaeoki_etsuran:2;C15_koto_yomikikase:2;C13_baitai_shitei:1;C05_oin_shomei:1;C04_genpon_fukusuu:1
415AC0000000097,遺伝子組換え生物等の使用等の規制による生物の多様性の確保に関する法律,16,8,True,C02_jicchi_kakunin:6;C03_shomen_kofu:2;C06_sonaeoki_etsuran:2;C09_keitai_teiji:2;C17_keiyu_teishutsu:1;C04_genpon_fukusuu:1;C13_baitai_shitei:1;C08_kokoku_gentei:1
417AC0000000051,特定特殊自動車排出ガスの規制等に関する法律,16,8,True,C21_buppin_hyoji:4;C02_jicchi_kakunin:4;C06_sonaeoki_etsuran:2;C09_keitai_teiji:2;C03_shomen_kofu:1;C04_genpon_fukusuu:1;C13_baitai_shitei:1;C08_kokoku_gentei:1
322AC1000000137,裁判官弾劾法,15,8,False,C01_taimen_shutto:5;C17_keiyu_teishutsu:2;C04_genpon_fukusuu:2;C14_yubin_sotatsu:2;C03_shomen_kofu:1;C19_kaigitai_kaisai:1;C05_oin_shomei:1;C08_kokoku_gentei:1
325AC0000000158,質屋営業法,15,8,True,C22_techo_shohyo:3;C20_shozaichi_kankatsu:2;C18_jisan_madoguchi:2;C06_sonaeoki_etsuran:2;C07_butsuri_keiji:2;C02_jicchi_kakunin:2;C03_shomen_kofu:1;C09_keitai_teiji:1
325AC1000000178,漁船法,15,8,True,C18_jisan_madoguchi:3;C02_jicchi_kakunin:3;C06_sonaeoki_etsuran:2;C22_techo_shohyo:2;C04_genpon_fukusuu:2;C09_keitai_teiji:1;C13_baitai_shitei:1;C01_taimen_shutto:1
335AC0000000084,住宅地区改良法,15,8,False,C06_sonaeoki_etsuran:3;C02_jicchi_kakunin:3;C07_butsuri_keiji:2;C09_keitai_teiji:2;C18_jisan_madoguchi:2;C08_kokoku_gentei:1;C17_keiyu_teishutsu:1;C20_shozaichi_kankatsu:1
406AC0100000046,農山漁村滞在型余暇活動のための基盤整備の促進に関する法律,15,8,True,C06_sonaeoki_etsuran:6;C03_shomen_kofu:2;C07_butsuri_keiji:2;C04_genpon_fukusuu:1;C13_baitai_shitei:1;C08_kokoku_gentei:1;C02_jicchi_kakunin:1;C09_keitai_teiji:1
323AC0000000073,国有財産法,14,8,True,C02_jicchi_kakunin:3;C19_kaigitai_kaisai:3;C01_taimen_shutto:2;C13_baitai_shitei:2;C20_shozaichi_kankatsu:1;C11_teiki_kensa:1;C09_keitai_teiji:1;C03_shomen_kofu:1
324AC0000000070,鉱山保安法,14,8,False,C02_jicchi_kakunin:4;C09_keitai_teiji:3;C03_shomen_kofu:2;C11_teiki_kensa:1;C10_jochu_sennin:1;C17_keiyu_teishutsu:1;C01_taimen_shutto:1;C22_techo_shohyo:1
335AC0000000030,じん肺法,14,8,True,C03_shomen_kofu:4;C02_jicchi_kakunin:2;C09_keitai_teiji:2;C22_techo_shohyo:2;C04_genpon_fukusuu:1;C06_sonaeoki_etsuran:1;C07_butsuri_keiji:1;C13_baitai_shitei:1
418AC0000000049,公益社団法人及び公益財団法人の認定等に関する法律,14,8,True,C03_shomen_kofu:5;C18_jisan_madoguchi:2;C06_sonaeoki_etsuran:2;C17_keiyu_teishutsu:1;C13_baitai_shitei:1;C02_jicchi_kakunin:1;C09_keitai_teiji:1;C20_shozaichi_kankatsu:1
506AC0000000041,資源循環の促進のための再資源化事業等の高度化に関する法律,14,8,True,C06_sonaeoki_etsuran:5;C03_shomen_kofu:3;C20_shozaichi_kankatsu:1;C04_genpon_fukusuu:1;C13_baitai_shitei:1;C08_kokoku_gentei:1;C02_jicchi_kakunin:1;C09_keitai_teiji:1
322AC0000000035,会計法,13,8,True,C18_jisan_madoguchi:3;C20_shozaichi_kankatsu:2;C05_oin_shomei:2;C13_baitai_shitei:2;C22_techo_shohyo:1;C03_shomen_kofu:1;C02_jicchi_kakunin:1;C06_sonaeoki_etsuran:1
411AC0000000103,独立行政法人通則法,13,8,True,C06_sonaeoki_etsuran:3;C03_shomen_kofu:2;C02_jicchi_kakunin:2;C09_keitai_teiji:2;C08_kokoku_gentei:1;C13_baitai_shitei:1;C01_taimen_shutto:1;C10_jochu_sennin:1
418AC1000000060,探偵業の業務の適正化に関する法律,13,8,True,C02_jicchi_kakunin:3;C03_shomen_kofu:3;C06_sonaeoki_etsuran:2;C01_taimen_shutto:1;C20_shozaichi_kankatsu:1;C18_jisan_madoguchi:1;C07_butsuri_keiji:1;C09_keitai_teiji:1
329AC1000000154,輸出水産業の振興に関する法律,12,8,True,C03_shomen_kofu:5;C19_kaigitai_kaisai:1;C08_kokoku_gentei:1;C02_jicchi_kakunin:1;C09_keitai_teiji:1;C22_techo_shohyo:1;C04_genpon_fukusuu:1;C06_sonaeoki_etsuran:1
406AC0000000078,特定先端大型研究施設の共用の促進に関する法律,12,8,True,C13_baitai_shitei:4;C06_sonaeoki_etsuran:2;C10_jochu_sennin:1;C03_shomen_kofu:1;C04_genpon_fukusuu:1;C02_jicchi_kakunin:1;C09_keitai_teiji:1;C08_kokoku_gentei:1
410AC1000000132,金融機能の再生のための緊急措置に関する法律,12,8,False,C20_shozaichi_kankatsu:2;C04_genpon_fukusuu:2;C25_kenmen_shoken:2;C03_shomen_kofu:2;C01_taimen_shutto:1;C02_jicchi_kakunin:1;C09_keitai_teiji:1;C18_jisan_madoguchi:1
414AC0100000026,特定電子メールの送信の適正化等に関する法律,12,8,True,C06_sonaeoki_etsuran:3;C13_baitai_shitei:2;C03_shomen_kofu:2;C10_jochu_sennin:1;C04_genpon_fukusuu:1;C08_kokoku_gentei:1;C02_jicchi_kakunin:1;C09_keitai_teiji:1
419AC0000000022,犯罪による収益の移転防止に関する法律,12,8,False,C09_keitai_teiji:2;C14_yubin_sotatsu:2;C17_keiyu_teishutsu:2;C18_jisan_madoguchi:2;C13_baitai_shitei:1;C04_genpon_fukusuu:1;C06_sonaeoki_etsuran:1;C02_jicchi_kakunin:1
423AC0100000113,株式会社東日本大震災事業者再生支援機構法,12,8,True,C03_shomen_kofu:3;C18_jisan_madoguchi:2;C20_shozaichi_kankatsu:2;C05_oin_shomei:1;C08_kokoku_gentei:1;C06_sonaeoki_etsuran:1;C02_jicchi_kakunin:1;C09_keitai_teiji:1
322AC0000000234,理容師法,11,8,False,C02_jicchi_kakunin:3;C06_sonaeoki_etsuran:2;C09_keitai_teiji:1;C22_techo_shohyo:1;C18_jisan_madoguchi:1;C03_shomen_kofu:1;C10_jochu_sennin:1;C12_taimen_koshu:1
324AC0000000228,外国為替及び外国貿易法,11,8,True,C22_techo_shohyo:3;C09_keitai_teiji:2;C13_baitai_shitei:1;C14_yubin_sotatsu:1;C25_kenmen_shoken:1;C17_keiyu_teishutsu:1;C06_sonaeoki_etsuran:1;C02_jicchi_kakunin:1
332AC1000000163,美容師法,11,8,False,C02_jicchi_kakunin:3;C06_sonaeoki_etsuran:2;C09_keitai_teiji:1;C22_techo_shohyo:1;C18_jisan_madoguchi:1;C03_shomen_kofu:1;C10_jochu_sennin:1;C12_taimen_koshu:1
424AC0000000083,株式会社農林漁業成長産業化支援機構法,11,8,True,C03_shomen_kofu:3;C05_oin_shomei:2;C01_taimen_shutto:1;C13_baitai_shitei:1;C06_sonaeoki_etsuran:1;C20_shozaichi_kankatsu:1;C02_jicchi_kakunin:1;C09_keitai_teiji:1
425AC0000000029,地方公共団体情報システム機構法,11,8,True,C05_oin_shomei:3;C06_sonaeoki_etsuran:2;C19_kaigitai_kaisai:1;C01_taimen_shutto:1;C08_kokoku_gentei:1;C13_baitai_shitei:1;C02_jicchi_kakunin:1;C09_keitai_teiji:1
425AC0000000051,株式会社海外需要開拓支援機構法,11,8,True,C03_shomen_kofu:3;C05_oin_shomei:2;C01_taimen_shutto:1;C13_baitai_shitei:1;C06_sonaeoki_etsuran:1;C20_shozaichi_kankatsu:1;C02_jicchi_kakunin:1;C09_keitai_teiji:1
426AC0000000024,株式会社海外交通・都市開発事業支援機構法,11,8,True,C03_shomen_kofu:3;C05_oin_shomei:2;C01_taimen_shutto:1;C13_baitai_shitei:1;C06_sonaeoki_etsuran:1;C20_shozaichi_kankatsu:1;C02_jicchi_kakunin:1;C09_keitai_teiji:1
324AC0000000186,獣医師法,10,8,True,C22_techo_shohyo:2;C01_taimen_shutto:2;C03_shomen_kofu:1;C06_sonaeoki_etsuran:1;C09_keitai_teiji:1;C13_baitai_shitei:1;C17_keiyu_teishutsu:1;C20_shozaichi_kankatsu:1
329AC0000000205,日本中央競馬会法,10,8,False,C19_kaigitai_kaisai:2;C01_taimen_shutto:2;C03_shomen_kofu:1;C06_sonaeoki_etsuran:1;C08_kokoku_gentei:1;C02_jicchi_kakunin:1;C09_keitai_teiji:1;C22_techo_shohyo:1
358AC0000000025,技術士法,10,8,False,C06_sonaeoki_etsuran:2;C02_jicchi_kakunin:2;C09_keitai_teiji:1;C08_kokoku_gentei:1;C01_taimen_shutto:1;C18_jisan_madoguchi:1;C22_techo_shohyo:1;C04_genpon_fukusuu:1
325AC0000000303,毒物及び劇物取締法,9,8,True,C02_jicchi_kakunin:2;C10_jochu_sennin:1;C03_shomen_kofu:1;C13_baitai_shitei:1;C06_sonaeoki_etsuran:1;C18_jisan_madoguchi:1;C09_keitai_teiji:1;C22_techo_shohyo:1
419AC0000000064,地方公共団体金融機構法,9,8,True,C06_sonaeoki_etsuran:2;C19_kaigitai_kaisai:1;C01_taimen_shutto:1;C08_kokoku_gentei:1;C13_baitai_shitei:1;C03_shomen_kofu:1;C02_jicchi_kakunin:1;C09_keitai_teiji:1
414AC0000000153,電子署名等に係る地方公共団体情報システム機構の認証業務に関する法律,116,7,True,C05_oin_shomei:68;C13_baitai_shitei:32;C17_keiyu_teishutsu:8;C03_shomen_kofu:2;C06_sonaeoki_etsuran:2;C02_jicchi_kakunin:2;C09_keitai_teiji:2
340AC0000000034,法人税法,69,7,True,C03_shomen_kofu:41;C18_jisan_madoguchi:17;C06_sonaeoki_etsuran:4;C13_baitai_shitei:3;C17_keiyu_teishutsu:2;C16_inshi_genkin:1;C02_jicchi_kakunin:1
414AC0000000099,民間事業者による信書の送達に関する法律,53,7,False,C14_yubin_sotatsu:43;C03_shomen_kofu:2;C06_sonaeoki_etsuran:2;C07_butsuri_keiji:2;C09_keitai_teiji:2;C18_jisan_madoguchi:1;C02_jicchi_kakunin:1
325AC0000000127,肥料の品質の確保等に関する法律,38,7,True,C22_techo_shohyo:15;C18_jisan_madoguchi:8;C02_jicchi_kakunin:5;C20_shozaichi_kankatsu:4;C06_sonaeoki_etsuran:4;C09_keitai_teiji:1;C13_baitai_shitei:1
419AC0000000037,国際刑事裁判所に対する協力等に関する法律,36,7,True,C18_jisan_madoguchi:19;C14_yubin_sotatsu:6;C03_shomen_kofu:5;C04_genpon_fukusuu:3;C01_taimen_shutto:1;C05_oin_shomei:1;C13_baitai_shitei:1
324CO0000000310,連合国財産である株式の回復に関する政令,33,7,False,C25_kenmen_shoken:19;C18_jisan_madoguchi:9;C17_keiyu_teishutsu:1;C01_taimen_shutto:1;C09_keitai_teiji:1;C22_techo_shohyo:1;C02_jicchi_kakunin:1
412AC0000000129,外国倒産処理手続の承認援助に関する法律,27,7,False,C14_yubin_sotatsu:15;C06_sonaeoki_etsuran:3;C20_shozaichi_kankatsu:2;C04_genpon_fukusuu:2;C03_shomen_kofu:2;C07_butsuri_keiji:2;C08_kokoku_gentei:1
348AC0000000072,都市緑地法,25,7,True,C02_jicchi_kakunin:9;C06_sonaeoki_etsuran:9;C09_keitai_teiji:2;C03_shomen_kofu:2;C18_jisan_madoguchi:1;C04_genpon_fukusuu:1;C13_baitai_shitei:1
350AC0000000094,船舶の所有者等の責任の制限に関する法律,25,7,False,C23_kyotaku_hoshokin:11;C14_yubin_sotatsu:5;C20_shozaichi_kankatsu:3;C03_shomen_kofu:2;C01_taimen_shutto:2;C08_kokoku_gentei:1;C19_kaigitai_kaisai:1
416AC0000000110,景観法,25,7,False,C06_sonaeoki_etsuran:9;C09_keitai_teiji:4;C03_shomen_kofu:4;C02_jicchi_kakunin:3;C18_jisan_madoguchi:2;C04_genpon_fukusuu:2;C07_butsuri_keiji:1
413AC0000000057,自動車運転代行業の業務の適正化に関する法律,24,7,False,C20_shozaichi_kankatsu:6;C03_shomen_kofu:5;C06_sonaeoki_etsuran:5;C07_butsuri_keiji:4;C02_jicchi_kakunin:2;C09_keitai_teiji:1;C22_techo_shohyo:1
212AC0000000050,陪審法,23,7,False,C01_taimen_shutto:8;C05_oin_shomei:4;C04_genpon_fukusuu:3;C15_koto_yomikikase:3;C14_yubin_sotatsu:2;C06_sonaeoki_etsuran:2;C22_techo_shohyo:1
138AC0000000053,鉄道抵当法,22,7,True,C04_genpon_fukusuu:6;C08_kokoku_gentei:5;C23_kyotaku_hoshokin:3;C01_taimen_shutto:3;C06_sonaeoki_etsuran:2;C05_oin_shomei:2;C13_baitai_shitei:1
321AC0000000039,金融機関再建整備法,21,7,False,C03_shomen_kofu:9;C25_kenmen_shoken:5;C20_shozaichi_kankatsu:2;C06_sonaeoki_etsuran:2;C18_jisan_madoguchi:1;C22_techo_shohyo:1;C16_inshi_genkin:1
336AC0000000223,災害対策基本法,21,7,True,C04_genpon_fukusuu:7;C02_jicchi_kakunin:6;C03_shomen_kofu:3;C18_jisan_madoguchi:2;C17_keiyu_teishutsu:1;C09_keitai_teiji:1;C22_techo_shohyo:1
353AC0000000080,職員団体等に対する法人格の付与に関する法律,21,7,False,C20_shozaichi_kankatsu:9;C03_shomen_kofu:4;C19_kaigitai_kaisai:2;C18_jisan_madoguchi:2;C08_kokoku_gentei:2;C06_sonaeoki_etsuran:1;C01_taimen_shutto:1
417AC0000000040,有限責任事業組合契約に関する法律,21,7,True,C20_shozaichi_kankatsu:8;C03_shomen_kofu:7;C06_sonaeoki_etsuran:2;C05_oin_shomei:1;C13_baitai_shitei:1;C18_jisan_madoguchi:1;C08_kokoku_gentei:1
341AC0000000126,入会林野等に係る権利関係の近代化の助長に関する法律,20,7,False,C20_shozaichi_kankatsu:4;C03_shomen_kofu:4;C23_kyotaku_hoshokin:4;C06_sonaeoki_etsuran:3;C09_keitai_teiji:2;C02_jicchi_kakunin:2;C04_genpon_fukusuu:1
413AC0000000088,確定拠出年金法,20,7,True,C06_sonaeoki_etsuran:8;C09_keitai_teiji:5;C02_jicchi_kakunin:2;C07_butsuri_keiji:2;C22_techo_shohyo:1;C19_kaigitai_kaisai:1;C03_shomen_kofu:1
504AC0000000043,経済施策を一体的に講ずることによる安全保障の確保の推進に関する法律,19,7,True,C03_shomen_kofu:5;C06_sonaeoki_etsuran:3;C02_jicchi_kakunin:3;C09_keitai_teiji:3;C18_jisan_madoguchi:2;C14_yubin_sotatsu:2;C16_inshi_genkin:1
350AC0000000084,石油コンビナート等災害防止法,18,7,False,C02_jicchi_kakunin:6;C03_shomen_kofu:4;C06_sonaeoki_etsuran:4;C04_genpon_fukusuu:1;C11_teiki_kensa:1;C10_jochu_sennin:1;C09_keitai_teiji:1
407AC0000000065,化学兵器の禁止及び特定物質の規制等に関する法律,18,7,False,C01_taimen_shutto:4;C02_jicchi_kakunin:4;C09_keitai_teiji:3;C21_buppin_hyoji:3;C22_techo_shohyo:2;C18_jisan_madoguchi:1;C03_shomen_kofu:1
416AC0000000143,経済連携協定に基づく特定原産地証明書の発給等に関する法律,18,7,False,C03_shomen_kofu:5;C02_jicchi_kakunin:4;C18_jisan_madoguchi:2;C06_sonaeoki_etsuran:2;C09_keitai_teiji:2;C22_techo_shohyo:2;C08_kokoku_gentei:1
336AC0000000191,宅地造成及び特定盛土等規制法,16,7,False,C02_jicchi_kakunin:5;C18_jisan_madoguchi:4;C03_shomen_kofu:2;C22_techo_shohyo:2;C20_shozaichi_kankatsu:1;C09_keitai_teiji:1;C07_butsuri_keiji:1
425AC0000000055,大規模災害からの復興に関する法律,16,7,False,C17_keiyu_teishutsu:6;C02_jicchi_kakunin:4;C20_shozaichi_kankatsu:2;C04_genpon_fukusuu:1;C03_shomen_kofu:1;C06_sonaeoki_etsuran:1;C09_keitai_teiji:1
322AC0000000141,職業安定法,15,7,True,C06_sonaeoki_etsuran:3;C09_keitai_teiji:3;C18_jisan_madoguchi:2;C22_techo_shohyo:2;C03_shomen_kofu:2;C02_jicchi_kakunin:2;C12_taimen_koshu:1
342AC0000000035,登録免許税法,15,7,True,C16_inshi_genkin:5;C13_baitai_shitei:3;C02_jicchi_kakunin:2;C06_sonaeoki_etsuran:2;C09_keitai_teiji:1;C22_techo_shohyo:1;C03_shomen_kofu:1
412AC0000000117,特定放射性廃棄物の最終処分に関する法律,15,7,False,C02_jicchi_kakunin:5;C06_sonaeoki_etsuran:4;C09_keitai_teiji:2;C20_shozaichi_kankatsu:1;C03_shomen_kofu:1;C08_kokoku_gentei:1;C18_jisan_madoguchi:1
428AC0100000110,民間あっせん機関による養子縁組のあっせんに係る児童の保護等に関する法律,15,7,False,C02_jicchi_kakunin:3;C06_sonaeoki_etsuran:3;C03_shomen_kofu:2;C09_keitai_teiji:2;C18_jisan_madoguchi:2;C22_techo_shohyo:2;C20_shozaichi_kankatsu:1
323AC0000000130,船員職業安定法,14,7,False,C06_sonaeoki_etsuran:3;C09_keitai_teiji:3;C02_jicchi_kakunin:2;C18_jisan_madoguchi:2;C22_techo_shohyo:2;C01_taimen_shutto:1;C03_shomen_kofu:1
325AC1000000207,クリーニング業法,14,7,False,C18_jisan_madoguchi:4;C02_jicchi_kakunin:3;C06_sonaeoki_etsuran:2;C12_taimen_koshu:2;C10_jochu_sennin:1;C03_shomen_kofu:1;C09_keitai_teiji:1
326AC0000000201,検疫法,14,7,False,C18_jisan_madoguchi:6;C20_shozaichi_kankatsu:2;C09_keitai_teiji:2;C07_butsuri_keiji:1;C15_koto_yomikikase:1;C22_techo_shohyo:1;C02_jicchi_kakunin:1
327AC0000000187,長期信用銀行法,14,7,True,C25_kenmen_shoken:3;C03_shomen_kofu:3;C07_butsuri_keiji:3;C06_sonaeoki_etsuran:2;C02_jicchi_kakunin:1;C23_kyotaku_hoshokin:1;C08_kokoku_gentei:1
335AC0000000036,関税暫定措置法,14,7,True,C03_shomen_kofu:4;C02_jicchi_kakunin:3;C01_taimen_shutto:2;C09_keitai_teiji:2;C06_sonaeoki_etsuran:1;C08_kokoku_gentei:1;C14_yubin_sotatsu:1
335AC0000000139,電気工事士法,14,7,False,C18_jisan_madoguchi:4;C22_techo_shohyo:3;C09_keitai_teiji:2;C06_sonaeoki_etsuran:2;C12_taimen_koshu:1;C02_jicchi_kakunin:1;C08_kokoku_gentei:1
351AC0000000033,建設労働者の雇用の改善等に関する法律,14,7,False,C22_techo_shohyo:4;C06_sonaeoki_etsuran:3;C09_keitai_teiji:2;C18_jisan_madoguchi:2;C07_butsuri_keiji:1;C12_taimen_koshu:1;C03_shomen_kofu:1
412AC0000000104,建設工事に係る資材の再資源化等に関する法律,14,7,True,C03_shomen_kofu:3;C06_sonaeoki_etsuran:3;C07_butsuri_keiji:2;C02_jicchi_kakunin:2;C09_keitai_teiji:2;C05_oin_shomei:1;C12_taimen_koshu:1
428AC0000000076,人工衛星等の打上げ及び人工衛星の管理に関する法律,14,7,False,C23_kyotaku_hoshokin:5;C22_techo_shohyo:3;C17_keiyu_teishutsu:2;C13_baitai_shitei:1;C02_jicchi_kakunin:1;C09_keitai_teiji:1;C03_shomen_kofu:1
428AC0000000077,衛星リモートセンシング記録の適正な取扱いの確保に関する法律,14,7,True,C22_techo_shohyo:3;C13_baitai_shitei:2;C17_keiyu_teishutsu:2;C18_jisan_madoguchi:2;C06_sonaeoki_etsuran:2;C02_jicchi_kakunin:2;C09_keitai_teiji:1
326AC1000000222,民事調停法,13,7,False,C20_shozaichi_kankatsu:5;C03_shomen_kofu:2;C01_taimen_shutto:2;C19_kaigitai_kaisai:1;C04_genpon_fukusuu:1;C06_sonaeoki_etsuran:1;C18_jisan_madoguchi:1
329AC0000000115,厚生年金保険法,13,7,True,C17_keiyu_teishutsu:5;C09_keitai_teiji:2;C02_jicchi_kakunin:2;C04_genpon_fukusuu:1;C14_yubin_sotatsu:1;C22_techo_shohyo:1;C20_shozaichi_kankatsu:1
346AC0000000089,自動車重量税法,13,7,True,C16_inshi_genkin:4;C22_techo_shohyo:2;C02_jicchi_kakunin:2;C06_sonaeoki_etsuran:2;C09_keitai_teiji:1;C13_baitai_shitei:1;C03_shomen_kofu:1
360AC0000000088,労働者派遣事業の適正な運営の確保及び派遣労働者の保護等に関する法律,13,7,False,C03_shomen_kofu:3;C09_keitai_teiji:2;C18_jisan_madoguchi:2;C22_techo_shohyo:2;C02_jicchi_kakunin:2;C06_sonaeoki_etsuran:1;C07_butsuri_keiji:1
412AC0000000102,電子署名及び認証業務に関する法律,13,7,True,C05_oin_shomei:6;C02_jicchi_kakunin:2;C13_baitai_shitei:1;C21_buppin_hyoji:1;C03_shomen_kofu:1;C06_sonaeoki_etsuran:1;C09_keitai_teiji:1
413AC0000000120,地方公共団体の特定の事務の郵便局における取扱いに関する法律,13,7,True,C14_yubin_sotatsu:7;C04_genpon_fukusuu:1;C05_oin_shomei:1;C13_baitai_shitei:1;C18_jisan_madoguchi:1;C22_techo_shohyo:1;C19_kaigitai_kaisai:1
428AC1000000048,合法伐採木材等の流通及び利用の促進に関する法律,13,7,True,C06_sonaeoki_etsuran:4;C03_shomen_kofu:3;C02_jicchi_kakunin:2;C13_baitai_shitei:1;C04_genpon_fukusuu:1;C08_kokoku_gentei:1;C09_keitai_teiji:1
322AC0000000217,あん摩マツサージ指圧師、はり師、きゆう師等に関する法律,12,7,False,C02_jicchi_kakunin:3;C06_sonaeoki_etsuran:2;C09_keitai_teiji:2;C22_techo_shohyo:2;C03_shomen_kofu:1;C08_kokoku_gentei:1;C18_jisan_madoguchi:1
325AC0000000261,地方公務員法,12,7,False,C10_jochu_sennin:3;C03_shomen_kofu:3;C01_taimen_shutto:2;C08_kokoku_gentei:1;C05_oin_shomei:1;C07_butsuri_keiji:1;C12_taimen_koshu:1
411AC0000000156,原子力災害対策特別措置法,12,7,False,C04_genpon_fukusuu:3;C02_jicchi_kakunin:3;C06_sonaeoki_etsuran:2;C10_jochu_sennin:1;C08_kokoku_gentei:1;C20_shozaichi_kankatsu:1;C09_keitai_teiji:1
414AC0000000053,土壌汚染対策法,12,7,False,C06_sonaeoki_etsuran:4;C02_jicchi_kakunin:2;C18_jisan_madoguchi:2;C04_genpon_fukusuu:1;C03_shomen_kofu:1;C20_shozaichi_kankatsu:1;C09_keitai_teiji:1
415AC0000000109,人事訴訟法,12,7,False,C01_taimen_shutto:4;C19_kaigitai_kaisai:2;C20_shozaichi_kankatsu:2;C18_jisan_madoguchi:1;C15_koto_yomikikase:1;C04_genpon_fukusuu:1;C06_sonaeoki_etsuran:1
428AC1000000101,民間公益活動を促進するための休眠預金等に係る資金の活用に関する法律,12,7,True,C08_kokoku_gentei:3;C18_jisan_madoguchi:3;C06_sonaeoki_etsuran:2;C13_baitai_shitei:1;C02_jicchi_kakunin:1;C09_keitai_teiji:1;C14_yubin_sotatsu:1
306AC0000000042,無尽業法,11,7,True,C08_kokoku_gentei:3;C23_kyotaku_hoshokin:3;C13_baitai_shitei:1;C06_sonaeoki_etsuran:1;C10_jochu_sennin:1;C20_shozaichi_kankatsu:1;C03_shomen_kofu:1
324AC1000000279,国際観光ホテル整備法,11,7,True,C06_sonaeoki_etsuran:4;C07_butsuri_keiji:2;C03_shomen_kofu:1;C04_genpon_fukusuu:1;C13_baitai_shitei:1;C02_jicchi_kakunin:1;C09_keitai_teiji:1
325AC1000000208,小型自動車競走法,11,7,True,C25_kenmen_shoken:3;C06_sonaeoki_etsuran:3;C20_shozaichi_kankatsu:1;C17_keiyu_teishutsu:1;C13_baitai_shitei:1;C02_jicchi_kakunin:1;C09_keitai_teiji:1
330AC0000000168,歯科技工士法,11,7,True,C02_jicchi_kakunin:3;C06_sonaeoki_etsuran:2;C09_keitai_teiji:2;C18_jisan_madoguchi:1;C08_kokoku_gentei:1;C22_techo_shohyo:1;C13_baitai_shitei:1
403AC0000000036,救急救命士法,11,7,False,C18_jisan_madoguchi:2;C06_sonaeoki_etsuran:2;C02_jicchi_kakunin:2;C12_taimen_koshu:2;C22_techo_shohyo:1;C09_keitai_teiji:1;C08_kokoku_gentei:1
408AC0000000093,特定住宅金融専門会社の債権債務の処理の促進等に関する特別措置法,11,7,True,C18_jisan_madoguchi:2;C20_shozaichi_kankatsu:2;C02_jicchi_kakunin:2;C09_keitai_teiji:2;C03_shomen_kofu:1;C13_baitai_shitei:1;C19_kaigitai_kaisai:1
415AC0000000072,牛の個体識別のための情報の管理及び伝達に関する特別措置法,11,7,True,C18_jisan_madoguchi:3;C13_baitai_shitei:2;C07_butsuri_keiji:2;C03_shomen_kofu:1;C02_jicchi_kakunin:1;C09_keitai_teiji:1;C06_sonaeoki_etsuran:1
502AC0000000038,特定デジタルプラットフォームの透明性及び公正性の向上に関する法律,11,7,True,C14_yubin_sotatsu:4;C13_baitai_shitei:2;C06_sonaeoki_etsuran:1;C02_jicchi_kakunin:1;C09_keitai_teiji:1;C07_butsuri_keiji:1;C08_kokoku_gentei:1
326AC0100000161,港湾運送事業法,10,7,False,C07_butsuri_keiji:3;C06_sonaeoki_etsuran:2;C03_shomen_kofu:1;C18_jisan_madoguchi:1;C02_jicchi_kakunin:1;C09_keitai_teiji:1;C22_techo_shohyo:1
362AC0000000030,社会福祉士及び介護福祉士法,10,7,True,C02_jicchi_kakunin:3;C06_sonaeoki_etsuran:2;C09_keitai_teiji:1;C08_kokoku_gentei:1;C05_oin_shomei:1;C18_jisan_madoguchi:1;C20_shozaichi_kankatsu:1
342AC0000000122,通関業法,9,7,True,C22_techo_shohyo:2;C03_shomen_kofu:2;C13_baitai_shitei:1;C10_jochu_sennin:1;C01_taimen_shutto:1;C07_butsuri_keiji:1;C09_keitai_teiji:1
346AC0000000107,特定工場における公害防止組織の整備に関する法律,9,7,False,C20_shozaichi_kankatsu:2;C06_sonaeoki_etsuran:2;C10_jochu_sennin:1;C03_shomen_kofu:1;C08_kokoku_gentei:1;C02_jicchi_kakunin:1;C09_keitai_teiji:1
423AC0000000039,株式会社国際協力銀行法,9,7,True,C25_kenmen_shoken:2;C02_jicchi_kakunin:2;C17_keiyu_teishutsu:1;C13_baitai_shitei:1;C03_shomen_kofu:1;C06_sonaeoki_etsuran:1;C09_keitai_teiji:1
326CO0000000006,連合国財産の返還等に関する政令,8,7,False,C18_jisan_madoguchi:2;C05_oin_shomei:1;C09_keitai_teiji:1;C22_techo_shohyo:1;C03_shomen_kofu:1;C17_keiyu_teishutsu:1;C02_jicchi_kakunin:1
341AC0000000111,執行官法,8,7,False,C18_jisan_madoguchi:2;C23_kyotaku_hoshokin:1;C14_yubin_sotatsu:1;C21_buppin_hyoji:1;C01_taimen_shutto:1;C06_sonaeoki_etsuran:1;C04_genpon_fukusuu:1
342AC0000000135,石炭鉱業年金基金法,8,7,False,C19_kaigitai_kaisai:2;C03_shomen_kofu:1;C02_jicchi_kakunin:1;C09_keitai_teiji:1;C22_techo_shohyo:1;C08_kokoku_gentei:1;C18_jisan_madoguchi:1
326AC1000000313,水産資源保護法,7,7,False,C18_jisan_madoguchi:1;C04_genpon_fukusuu:1;C22_techo_shohyo:1;C02_jicchi_kakunin:1;C09_keitai_teiji:1;C23_kyotaku_hoshokin:1;C01_taimen_shutto:1
308AC0000000057,小切手法,39,6,False,C09_keitai_teiji:17;C05_oin_shomei:14;C18_jisan_madoguchi:5;C14_yubin_sotatsu:1;C22_techo_shohyo:1;C04_genpon_fukusuu:1
363AC0000000108,消費税法,39,6,True,C03_shomen_kofu:27;C13_baitai_shitei:5;C18_jisan_madoguchi:4;C25_kenmen_shoken:1;C17_keiyu_teishutsu:1;C06_sonaeoki_etsuran:1
408AC0000000095,金融機関等の更生手続の特例等に関する法律,36,6,False,C06_sonaeoki_etsuran:10;C25_kenmen_shoken:10;C14_yubin_sotatsu:7;C19_kaigitai_kaisai:4;C03_shomen_kofu:3;C23_kyotaku_hoshokin:2
413AC1000000064,フロン類の使用の合理化及び管理の適正化に関する法律,33,6,True,C18_jisan_madoguchi:13;C13_baitai_shitei:7;C06_sonaeoki_etsuran:6;C02_jicchi_kakunin:3;C03_shomen_kofu:2;C09_keitai_teiji:2
328AC0000000068,逃亡犯罪人引渡法,31,6,False,C18_jisan_madoguchi:13;C04_genpon_fukusuu:6;C03_shomen_kofu:5;C14_yubin_sotatsu:4;C05_oin_shomei:2;C17_keiyu_teishutsu:1
430AC0000000061,船舶の再資源化解体の適正な実施に関する法律,28,6,False,C18_jisan_madoguchi:15;C06_sonaeoki_etsuran:5;C03_shomen_kofu:5;C22_techo_shohyo:1;C02_jicchi_kakunin:1;C09_keitai_teiji:1
329AC0000000071,あへん法,25,6,False,C17_keiyu_teishutsu:13;C22_techo_shohyo:4;C03_shomen_kofu:3;C18_jisan_madoguchi:2;C02_jicchi_kakunin:2;C09_keitai_teiji:1
419AC0000000066,特定住宅瑕疵担保責任の履行の確保等に関する法律,24,6,True,C23_kyotaku_hoshokin:15;C03_shomen_kofu:4;C06_sonaeoki_etsuran:2;C18_jisan_madoguchi:1;C02_jicchi_kakunin:1;C09_keitai_teiji:1
323AC0000000144,当せん金付証票法,23,6,True,C22_techo_shohyo:17;C24_kuji_hassochakusho:2;C13_baitai_shitei:1;C18_jisan_madoguchi:1;C02_jicchi_kakunin:1;C09_keitai_teiji:1
343AC0000000100,都市計画法,23,6,False,C06_sonaeoki_etsuran:6;C03_shomen_kofu:5;C02_jicchi_kakunin:5;C20_shozaichi_kankatsu:4;C09_keitai_teiji:2;C01_taimen_shutto:1
418AC0000000073,遺失物法,21,6,True,C18_jisan_madoguchi:8;C03_shomen_kofu:5;C06_sonaeoki_etsuran:4;C07_butsuri_keiji:2;C10_jochu_sennin:1;C08_kokoku_gentei:1
331AC0000000007,道路整備特別措置法,20,6,False,C19_kaigitai_kaisai:5;C03_shomen_kofu:5;C02_jicchi_kakunin:4;C06_sonaeoki_etsuran:2;C07_butsuri_keiji:2;C22_techo_shohyo:2
423AC0000000122,東日本大震災復興特別区域法,19,6,True,C17_keiyu_teishutsu:6;C02_jicchi_kakunin:4;C03_shomen_kofu:3;C20_shozaichi_kankatsu:3;C06_sonaeoki_etsuran:2;C09_keitai_teiji:1
502AC0000000060,賃貸住宅の管理業務等の適正化に関する法律,18,6,True,C03_shomen_kofu:7;C06_sonaeoki_etsuran:4;C09_keitai_teiji:3;C02_jicchi_kakunin:2;C10_jochu_sennin:1;C07_butsuri_keiji:1
327AC0000000266,防衛省の職員の給与等に関する法律,17,6,True,C22_techo_shohyo:9;C03_shomen_kofu:3;C08_kokoku_gentei:2;C05_oin_shomei:1;C09_keitai_teiji:1;C13_baitai_shitei:1
416AC0000000078,特定外来生物による生態系等に係る被害の防止に関する法律,17,6,False,C02_jicchi_kakunin:7;C09_keitai_teiji:4;C08_kokoku_gentei:3;C18_jisan_madoguchi:1;C22_techo_shohyo:1;C07_butsuri_keiji:1
325AC0000000073,相続税法,16,6,True,C03_shomen_kofu:11;C16_inshi_genkin:1;C25_kenmen_shoken:1;C18_jisan_madoguchi:1;C04_genpon_fukusuu:1;C13_baitai_shitei:1
326AC0000000099,沖縄振興開発金融公庫の予算及び決算に関する法律,16,6,True,C17_keiyu_teishutsu:9;C03_shomen_kofu:2;C06_sonaeoki_etsuran:2;C08_kokoku_gentei:1;C13_baitai_shitei:1;C02_jicchi_kakunin:1
410AC0000000092,中心市街地の活性化に関する法律,16,6,True,C04_genpon_fukusuu:4;C03_shomen_kofu:3;C17_keiyu_teishutsu:3;C20_shozaichi_kankatsu:3;C06_sonaeoki_etsuran:2;C22_techo_shohyo:1
330AC0000000097,自動車損害賠償保障法,15,6,True,C06_sonaeoki_etsuran:4;C09_keitai_teiji:3;C03_shomen_kofu:3;C02_jicchi_kakunin:3;C07_butsuri_keiji:1;C18_jisan_madoguchi:1
352AC0000000040,沖縄県の区域内における位置境界不明地域内の各筆の土地の位置境界の明確化等に関する特別措置法,15,6,False,C03_shomen_kofu:6;C06_sonaeoki_etsuran:3;C02_jicchi_kakunin:3;C01_taimen_shutto:1;C05_oin_shomei:1;C09_keitai_teiji:1
323AC0000000082,農薬取締法,14,6,False,C06_sonaeoki_etsuran:4;C02_jicchi_kakunin:4;C03_shomen_kofu:3;C22_techo_shohyo:1;C20_shozaichi_kankatsu:1;C07_butsuri_keiji:1
326AC0000000032,海事代理士法,14,6,True,C06_sonaeoki_etsuran:5;C05_oin_shomei:3;C20_shozaichi_kankatsu:2;C07_butsuri_keiji:2;C13_baitai_shitei:1;C15_koto_yomikikase:1
326AC0000000180,国土調査法,14,6,True,C06_sonaeoki_etsuran:5;C02_jicchi_kakunin:3;C04_genpon_fukusuu:2;C01_taimen_shutto:2;C09_keitai_teiji:1;C03_shomen_kofu:1
338AC1000000168,戦傷病者特別援護法,14,6,True,C22_techo_shohyo:7;C18_jisan_madoguchi:3;C03_shomen_kofu:1;C02_jicchi_kakunin:1;C13_baitai_shitei:1;C16_inshi_genkin:1
403AC0000000066,商品投資に係る事業の規制に関する法律,14,6,True,C03_shomen_kofu:5;C06_sonaeoki_etsuran:4;C07_butsuri_keiji:2;C02_jicchi_kakunin:1;C09_keitai_teiji:1;C23_kyotaku_hoshokin:1
423AC0000000126,特定Ｂ型肝炎ウイルス感染者給付金等の支給に関する特別措置法,14,6,False,C11_teiki_kensa:7;C09_keitai_teiji:2;C02_jicchi_kakunin:2;C04_genpon_fukusuu:1;C06_sonaeoki_etsuran:1;C08_kokoku_gentei:1
324AC1000000283,身体障害者福祉法,13,6,False,C18_jisan_madoguchi:4;C22_techo_shohyo:4;C03_shomen_kofu:2;C06_sonaeoki_etsuran:1;C02_jicchi_kakunin:1;C09_keitai_teiji:1
338AC0000000138,刑事事件における第三者所有物の没収手続に関する応急措置法,13,6,True,C03_shomen_kofu:4;C01_taimen_shutto:3;C19_kaigitai_kaisai:3;C15_koto_yomikikase:1;C14_yubin_sotatsu:1;C05_oin_shomei:1
343AC0000000097,大気汚染防止法,13,6,False,C03_shomen_kofu:7;C02_jicchi_kakunin:2;C06_sonaeoki_etsuran:1;C07_butsuri_keiji:1;C09_keitai_teiji:1;C20_shozaichi_kankatsu:1
401AC0000000082,貨物利用運送事業法,13,6,False,C06_sonaeoki_etsuran:5;C07_butsuri_keiji:3;C03_shomen_kofu:2;C18_jisan_madoguchi:1;C02_jicchi_kakunin:1;C09_keitai_teiji:1
417AC0000000100,日本郵便株式会社法,13,6,False,C14_yubin_sotatsu:7;C16_inshi_genkin:2;C03_shomen_kofu:1;C02_jicchi_kakunin:1;C09_keitai_teiji:1;C06_sonaeoki_etsuran:1
323AC0000000124,大麻草の栽培の規制に関する法律,12,6,False,C18_jisan_madoguchi:3;C06_sonaeoki_etsuran:3;C22_techo_shohyo:2;C02_jicchi_kakunin:2;C01_taimen_shutto:1;C09_keitai_teiji:1
363AC0000000040,港湾労働法,12,6,False,C09_keitai_teiji:3;C18_jisan_madoguchi:3;C02_jicchi_kakunin:3;C12_taimen_koshu:1;C06_sonaeoki_etsuran:1;C22_techo_shohyo:1
418AC0000000091,高齢者、障害者等の移動等の円滑化の促進に関する法律,12,6,False,C03_shomen_kofu:3;C09_keitai_teiji:3;C21_buppin_hyoji:2;C06_sonaeoki_etsuran:2;C11_teiki_kensa:1;C02_jicchi_kakunin:1
425AC0000000107,国家戦略特別区域法,12,6,True,C03_shomen_kofu:3;C06_sonaeoki_etsuran:3;C02_jicchi_kakunin:2;C09_keitai_teiji:2;C19_kaigitai_kaisai:1;C22_techo_shohyo:1
429AC0000000028,医療分野の研究開発に資するための匿名加工医療情報及び仮名加工医療情報に関する法律,12,6,True,C13_baitai_shitei:4;C14_yubin_sotatsu:3;C02_jicchi_kakunin:2;C03_shomen_kofu:1;C09_keitai_teiji:1;C06_sonaeoki_etsuran:1
501AC0000000057,農林水産物及び食品の輸出の促進に関する法律,12,6,True,C02_jicchi_kakunin:4;C06_sonaeoki_etsuran:3;C03_shomen_kofu:2;C04_genpon_fukusuu:1;C13_baitai_shitei:1;C09_keitai_teiji:1
326AC1000000193,公営住宅法,11,6,False,C17_keiyu_teishutsu:4;C06_sonaeoki_etsuran:3;C07_butsuri_keiji:1;C02_jicchi_kakunin:1;C09_keitai_teiji:1;C22_techo_shohyo:1
345AC0000000090,情報処理の促進に関する法律,11,6,True,C13_baitai_shitei:4;C12_taimen_koshu:3;C08_kokoku_gentei:1;C18_jisan_madoguchi:1;C06_sonaeoki_etsuran:1;C19_kaigitai_kaisai:1
402AC0000000070,食鳥処理の事業の規制及び食鳥検査に関する法律,11,6,False,C02_jicchi_kakunin:3;C20_shozaichi_kankatsu:2;C03_shomen_kofu:2;C06_sonaeoki_etsuran:2;C12_taimen_koshu:1;C09_keitai_teiji:1
409AC0000000089,日本銀行法,11,6,True,C01_taimen_shutto:3;C06_sonaeoki_etsuran:3;C03_shomen_kofu:2;C19_kaigitai_kaisai:1;C17_keiyu_teishutsu:1;C20_shozaichi_kankatsu:1
410AC0000000116,対人地雷の製造の禁止及び所持の規制等に関する法律,11,6,False,C02_jicchi_kakunin:3;C18_jisan_madoguchi:2;C06_sonaeoki_etsuran:2;C09_keitai_teiji:2;C03_shomen_kofu:1;C01_taimen_shutto:1
323AC1000000209,自転車競技法,10,6,True,C25_kenmen_shoken:3;C06_sonaeoki_etsuran:3;C17_keiyu_teishutsu:1;C13_baitai_shitei:1;C02_jicchi_kakunin:1;C09_keitai_teiji:1
327AC1000000151,内航海運業法,10,6,True,C06_sonaeoki_etsuran:3;C07_butsuri_keiji:2;C02_jicchi_kakunin:2;C03_shomen_kofu:1;C09_keitai_teiji:1;C01_taimen_shutto:1
328AC1000000182,国家公務員退職手当法,10,6,False,C10_jochu_sennin:3;C03_shomen_kofu:2;C22_techo_shohyo:2;C01_taimen_shutto:1;C08_kokoku_gentei:1;C15_koto_yomikikase:1
338AC0000000133,老人福祉法,10,6,False,C02_jicchi_kakunin:3;C03_shomen_kofu:2;C06_sonaeoki_etsuran:2;C09_keitai_teiji:1;C18_jisan_madoguchi:1;C04_genpon_fukusuu:1
345AC1000000019,柔道整復師法,10,6,False,C02_jicchi_kakunin:3;C06_sonaeoki_etsuran:2;C09_keitai_teiji:2;C18_jisan_madoguchi:1;C08_kokoku_gentei:1;C22_techo_shohyo:1
419AC0000000109,日本年金機構法,10,6,False,C03_shomen_kofu:3;C01_taimen_shutto:2;C06_sonaeoki_etsuran:2;C08_kokoku_gentei:1;C02_jicchi_kakunin:1;C09_keitai_teiji:1
426AC0000000124,国際連合安全保障理事会決議第千二百六十七号等を踏まえ我が国が実施する財産の凍結等に関する特別措置法,10,6,False,C08_kokoku_gentei:3;C09_keitai_teiji:2;C02_jicchi_kakunin:2;C03_shomen_kofu:1;C18_jisan_madoguchi:1;C22_techo_shohyo:1
321AC0000000025,労働関係調整法,9,6,False,C01_taimen_shutto:4;C08_kokoku_gentei:1;C14_yubin_sotatsu:1;C20_shozaichi_kankatsu:1;C09_keitai_teiji:1;C03_shomen_kofu:1
322AC0000000135,海難審判法,9,6,False,C01_taimen_shutto:4;C09_keitai_teiji:1;C22_techo_shohyo:1;C03_shomen_kofu:1;C19_kaigitai_kaisai:1;C08_kokoku_gentei:1
331AC0000000123,家畜取引法,9,6,False,C20_shozaichi_kankatsu:3;C03_shomen_kofu:2;C11_teiki_kensa:1;C06_sonaeoki_etsuran:1;C02_jicchi_kakunin:1;C09_keitai_teiji:1
340AC0000000124,地方住宅供給公社法,9,6,False,C20_shozaichi_kankatsu:2;C18_jisan_madoguchi:2;C08_kokoku_gentei:2;C11_teiki_kensa:1;C02_jicchi_kakunin:1;C09_keitai_teiji:1
345AC0000000082,地方道路公社法,9,6,False,C19_kaigitai_kaisai:2;C20_shozaichi_kankatsu:2;C18_jisan_madoguchi:2;C08_kokoku_gentei:1;C02_jicchi_kakunin:1;C09_keitai_teiji:1
347AC0000000066,公有地の拡大の推進に関する法律,9,6,False,C17_keiyu_teishutsu:2;C20_shozaichi_kankatsu:2;C18_jisan_madoguchi:2;C02_jicchi_kakunin:1;C09_keitai_teiji:1;C08_kokoku_gentei:1
409AC0000000132,言語聴覚士法,9,6,False,C18_jisan_madoguchi:2;C06_sonaeoki_etsuran:2;C02_jicchi_kakunin:2;C22_techo_shohyo:1;C09_keitai_teiji:1;C08_kokoku_gentei:1
419AC1000000133,犯罪利用預金口座等に係る資金による被害回復分配金の支払等に関する法律,9,6,True,C03_shomen_kofu:3;C06_sonaeoki_etsuran:2;C17_keiyu_teishutsu:1;C13_baitai_shitei:1;C02_jicchi_kakunin:1;C09_keitai_teiji:1
501AC1000000050,愛玩動物看護師法,9,6,False,C18_jisan_madoguchi:2;C06_sonaeoki_etsuran:2;C02_jicchi_kakunin:2;C22_techo_shohyo:1;C09_keitai_teiji:1;C08_kokoku_gentei:1
502AC0000000053,聴覚障害者等による電話の利用の円滑化に関する法律,9,6,True,C06_sonaeoki_etsuran:3;C20_shozaichi_kankatsu:2;C13_baitai_shitei:1;C02_jicchi_kakunin:1;C09_keitai_teiji:1;C18_jisan_madoguchi:1
323AC0000000204,歯科衛生士法,8,6,False,C06_sonaeoki_etsuran:2;C02_jicchi_kakunin:2;C18_jisan_madoguchi:1;C09_keitai_teiji:1;C08_kokoku_gentei:1;C22_techo_shohyo:1
325AC0000000172,予算執行職員等の責任に関する法律,8,6,True,C03_shomen_kofu:2;C13_baitai_shitei:2;C05_oin_shomei:1;C18_jisan_madoguchi:1;C22_techo_shohyo:1;C01_taimen_shutto:1
328AC0000000114,と畜場法,8,6,False,C10_jochu_sennin:2;C02_jicchi_kakunin:2;C12_taimen_koshu:1;C07_butsuri_keiji:1;C09_keitai_teiji:1;C22_techo_shohyo:1
341AC1000000133,日本勤労者住宅協会法,8,6,False,C06_sonaeoki_etsuran:3;C19_kaigitai_kaisai:1;C03_shomen_kofu:1;C08_kokoku_gentei:1;C02_jicchi_kakunin:1;C09_keitai_teiji:1
356AC0000000076,広域臨海環境整備センター法,8,6,False,C18_jisan_madoguchi:2;C08_kokoku_gentei:2;C19_kaigitai_kaisai:1;C20_shozaichi_kankatsu:1;C02_jicchi_kakunin:1;C09_keitai_teiji:1
409AC0000000131,精神保健福祉士法,8,6,True,C06_sonaeoki_etsuran:2;C02_jicchi_kakunin:2;C09_keitai_teiji:1;C08_kokoku_gentei:1;C05_oin_shomei:1;C18_jisan_madoguchi:1
412AC0100000081,ストーカー行為等の規制等に関する法律,8,6,True,C03_shomen_kofu:3;C06_sonaeoki_etsuran:1;C13_baitai_shitei:1;C07_butsuri_keiji:1;C14_yubin_sotatsu:1;C15_koto_yomikikase:1
427AC1000000068,公認心理師法,8,6,True,C06_sonaeoki_etsuran:2;C02_jicchi_kakunin:2;C09_keitai_teiji:1;C08_kokoku_gentei:1;C05_oin_shomei:1;C18_jisan_madoguchi:1
505AC0000000032,脱炭素成長型経済構造への円滑な移行の推進に関する法律,8,6,False,C19_kaigitai_kaisai:2;C06_sonaeoki_etsuran:2;C01_taimen_shutto:1;C08_kokoku_gentei:1;C02_jicchi_kakunin:1;C09_keitai_teiji:1
505AC0000000046,国立健康危機管理研究機構法,8,6,True,C01_taimen_shutto:2;C06_sonaeoki_etsuran:2;C03_shomen_kofu:1;C08_kokoku_gentei:1;C02_jicchi_kakunin:1;C09_keitai_teiji:1
322AC0000000073,会計検査院法,7,6,True,C01_taimen_shutto:2;C20_shozaichi_kankatsu:1;C05_oin_shomei:1;C13_baitai_shitei:1;C02_jicchi_kakunin:1;C03_shomen_kofu:1
323AC0000000028,海上保安庁法,7,6,False,C02_jicchi_kakunin:2;C07_butsuri_keiji:1;C06_sonaeoki_etsuran:1;C09_keitai_teiji:1;C22_techo_shohyo:1;C10_jochu_sennin:1
325AC0000000114,国家公務員等の旅費に関する法律,7,6,True,C22_techo_shohyo:2;C10_jochu_sennin:1;C14_yubin_sotatsu:1;C13_baitai_shitei:1;C18_jisan_madoguchi:1;C02_jicchi_kakunin:1
328AC0000000245,私立学校教職員共済法,7,6,True,C22_techo_shohyo:2;C10_jochu_sennin:1;C13_baitai_shitei:1;C02_jicchi_kakunin:1;C09_keitai_teiji:1;C03_shomen_kofu:1
342AC1000000131,土砂等を運搬する大型自動車による交通事故の防止等に関する特別措置法,7,6,False,C20_shozaichi_kankatsu:2;C10_jochu_sennin:1;C21_buppin_hyoji:1;C22_techo_shohyo:1;C02_jicchi_kakunin:1;C09_keitai_teiji:1
415AC0000000060,情報公開・個人情報保護審査会設置法,7,6,True,C06_sonaeoki_etsuran:2;C03_shomen_kofu:1;C01_taimen_shutto:1;C15_koto_yomikikase:1;C04_genpon_fukusuu:1;C13_baitai_shitei:1
417AC0000000048,原子力発電における使用済燃料の再処理等の実施及び廃炉の推進に関する法律,7,6,False,C02_jicchi_kakunin:2;C03_shomen_kofu:1;C19_kaigitai_kaisai:1;C01_taimen_shutto:1;C06_sonaeoki_etsuran:1;C09_keitai_teiji:1
426AC0000000084,特定農林水産物等の名称の保護に関する法律,7,6,True,C06_sonaeoki_etsuran:2;C13_baitai_shitei:1;C18_jisan_madoguchi:1;C03_shomen_kofu:1;C02_jicchi_kakunin:1;C09_keitai_teiji:1
411AC0000000091,総務省設置法,6,6,True,C05_oin_shomei:1;C14_yubin_sotatsu:1;C22_techo_shohyo:1;C02_jicchi_kakunin:1;C03_shomen_kofu:1;C18_jisan_madoguchi:1
406AC0000000005,政党助成法,40,5,True,C03_shomen_kofu:22;C18_jisan_madoguchi:11;C06_sonaeoki_etsuran:5;C08_kokoku_gentei:1;C13_baitai_shitei:1
332AC0000000161,自然公園法,35,5,False,C02_jicchi_kakunin:11;C09_keitai_teiji:10;C08_kokoku_gentei:8;C06_sonaeoki_etsuran:3;C18_jisan_madoguchi:3
505AC0000000085,官報の発行に関する法律,34,5,True,C08_kokoku_gentei:15;C06_sonaeoki_etsuran:8;C13_baitai_shitei:5;C03_shomen_kofu:3;C07_butsuri_keiji:3
423AC0000000029,東日本大震災の被災者等に係る国税関係法律の臨時特例に関する法律,25,5,True,C03_shomen_kofu:14;C16_inshi_genkin:6;C18_jisan_madoguchi:2;C10_jochu_sennin:2;C17_keiyu_teishutsu:1
406AC1000000106,政党交付金の交付を受ける政党等に対する法人格の付与に関する法律,24,5,False,C03_shomen_kofu:9;C20_shozaichi_kankatsu:8;C18_jisan_madoguchi:4;C08_kokoku_gentei:2;C05_oin_shomei:1
403AC0000000071,日本国との平和条約に基づき日本の国籍を離脱した者等の出入国管理に関する特例法,21,5,False,C17_keiyu_teishutsu:8;C18_jisan_madoguchi:8;C22_techo_shohyo:2;C01_taimen_shutto:2;C09_keitai_teiji:1
410AC0000000097,特定家庭用機器再商品化法,19,5,False,C18_jisan_madoguchi:10;C06_sonaeoki_etsuran:4;C02_jicchi_kakunin:2;C09_keitai_teiji:2;C21_buppin_hyoji:1
355AC0000000069,国際捜査共助等に関する法律,18,5,True,C03_shomen_kofu:8;C18_jisan_madoguchi:5;C01_taimen_shutto:3;C20_shozaichi_kankatsu:1;C04_genpon_fukusuu:1
404AC0000000108,特定有害廃棄物等の輸出入等の規制に関する法律,18,5,False,C18_jisan_madoguchi:10;C05_oin_shomei:3;C09_keitai_teiji:3;C04_genpon_fukusuu:1;C02_jicchi_kakunin:1
414AC0000000022,都市再生特別措置法,17,5,False,C06_sonaeoki_etsuran:5;C04_genpon_fukusuu:4;C03_shomen_kofu:3;C07_butsuri_keiji:3;C17_keiyu_teishutsu:2
429AC0000000065,住宅宿泊事業法,17,5,True,C03_shomen_kofu:4;C02_jicchi_kakunin:4;C06_sonaeoki_etsuran:4;C07_butsuri_keiji:3;C09_keitai_teiji:2
347AC0000000085,自然環境保全法,16,5,False,C02_jicchi_kakunin:7;C06_sonaeoki_etsuran:3;C09_keitai_teiji:3;C08_kokoku_gentei:2;C01_taimen_shutto:1
413AC0000000026,高齢者の居住の安定確保に関する法律,15,5,True,C06_sonaeoki_etsuran:5;C03_shomen_kofu:5;C02_jicchi_kakunin:2;C09_keitai_teiji:2;C13_baitai_shitei:1
333AC0000000079,下水道法,14,5,False,C06_sonaeoki_etsuran:5;C02_jicchi_kakunin:4;C19_kaigitai_kaisai:2;C09_keitai_teiji:2;C07_butsuri_keiji:1
346AC0000000068,高年齢者等の雇用の安定等に関する法律,14,5,False,C22_techo_shohyo:7;C18_jisan_madoguchi:3;C03_shomen_kofu:2;C20_shozaichi_kankatsu:1;C12_taimen_koshu:1
421AC0000000066,公文書等の管理に関する法律,14,5,True,C03_shomen_kofu:8;C06_sonaeoki_etsuran:3;C08_kokoku_gentei:1;C02_jicchi_kakunin:1;C04_genpon_fukusuu:1
330AC0000000037,輸入品に対する内国消費税の徴収等に関する法律,13,5,True,C09_keitai_teiji:4;C03_shomen_kofu:4;C14_yubin_sotatsu:3;C15_koto_yomikikase:1;C16_inshi_genkin:1
416AC0000000149,民間事業者等が行う書面の保存等における情報通信の技術の利用に関する法律,13,5,True,C03_shomen_kofu:5;C04_genpon_fukusuu:3;C05_oin_shomei:2;C06_sonaeoki_etsuran:2;C13_baitai_shitei:1
423AC1000000110,平成二十三年三月十一日に発生した東北地方太平洋沖地震に伴う原子力発電所の事故により放出された放射性物質による環境の汚染への対処に関する特別措置法,13,5,False,C02_jicchi_kakunin:5;C09_keitai_teiji:3;C08_kokoku_gentei:2;C06_sonaeoki_etsuran:2;C18_jisan_madoguchi:1
323AC0000000125,温泉法,12,5,False,C02_jicchi_kakunin:4;C03_shomen_kofu:3;C07_butsuri_keiji:3;C06_sonaeoki_etsuran:1;C09_keitai_teiji:1
421AC0000000024,外国等に対する我が国の民事裁判権に関する法律,12,5,False,C03_shomen_kofu:6;C01_taimen_shutto:2;C14_yubin_sotatsu:2;C10_jochu_sennin:1;C19_kaigitai_kaisai:1
339AC0000000167,河川法,11,5,False,C02_jicchi_kakunin:4;C09_keitai_teiji:3;C19_kaigitai_kaisai:2;C06_sonaeoki_etsuran:1;C23_kyotaku_hoshokin:1
349AC1000000092,国土利用計画法,11,5,False,C17_keiyu_teishutsu:4;C02_jicchi_kakunin:3;C01_taimen_shutto:2;C09_keitai_teiji:1;C06_sonaeoki_etsuran:1
403AC0000000076,育児休業、介護休業等育児又は家族介護を行う労働者の福祉に関する法律,11,5,False,C03_shomen_kofu:6;C12_taimen_koshu:2;C09_keitai_teiji:1;C10_jochu_sennin:1;C02_jicchi_kakunin:1
409AC1000000104,臓器の移植に関する法律,11,5,False,C03_shomen_kofu:3;C06_sonaeoki_etsuran:3;C18_jisan_madoguchi:2;C02_jicchi_kakunin:2;C09_keitai_teiji:1
424AC0000000084,都市の低炭素化の促進に関する法律,11,5,False,C17_keiyu_teishutsu:4;C03_shomen_kofu:2;C18_jisan_madoguchi:2;C06_sonaeoki_etsuran:2;C22_techo_shohyo:1
325AC0000000053,森林病害虫等防除法,10,5,False,C03_shomen_kofu:4;C02_jicchi_kakunin:2;C09_keitai_teiji:2;C18_jisan_madoguchi:1;C22_techo_shohyo:1
330AC0000000179,補助金等に係る予算の執行の適正化に関する法律,10,5,True,C18_jisan_madoguchi:3;C02_jicchi_kakunin:3;C13_baitai_shitei:2;C09_keitai_teiji:1;C22_techo_shohyo:1
333AC1000000134,水洗炭業に関する法律,10,5,False,C23_kyotaku_hoshokin:4;C03_shomen_kofu:2;C09_keitai_teiji:2;C02_jicchi_kakunin:1;C17_keiyu_teishutsu:1
336AC0000000183,畜産経営の安定に関する法律,10,5,True,C18_jisan_madoguchi:5;C19_kaigitai_kaisai:2;C03_shomen_kofu:1;C02_jicchi_kakunin:1;C09_keitai_teiji:1
336AC0000000195,踏切道改良促進法,10,5,False,C17_keiyu_teishutsu:3;C07_butsuri_keiji:3;C20_shozaichi_kankatsu:2;C19_kaigitai_kaisai:1;C06_sonaeoki_etsuran:1
363AC0000000053,特定物質等の規制等によるオゾン層の保護に関する法律,10,5,False,C03_shomen_kofu:4;C06_sonaeoki_etsuran:2;C09_keitai_teiji:2;C18_jisan_madoguchi:1;C02_jicchi_kakunin:1
404AC1000000053,ゴルフ場等に係る会員契約の適正化に関する法律,10,5,True,C03_shomen_kofu:5;C06_sonaeoki_etsuran:2;C13_baitai_shitei:1;C02_jicchi_kakunin:1;C09_keitai_teiji:1
410AC1000000126,債権管理回収業に関する特別措置法,10,5,True,C03_shomen_kofu:4;C09_keitai_teiji:2;C02_jicchi_kakunin:2;C22_techo_shohyo:1;C13_baitai_shitei:1
324AC0000000182,中小企業等協同組合法施行法,9,5,False,C20_shozaichi_kankatsu:5;C04_genpon_fukusuu:1;C01_taimen_shutto:1;C03_shomen_kofu:1;C19_kaigitai_kaisai:1
331AC0000000113,物品管理法,9,5,True,C20_shozaichi_kankatsu:3;C22_techo_shohyo:2;C13_baitai_shitei:2;C02_jicchi_kakunin:1;C06_sonaeoki_etsuran:1
335AC0000000049,養鶏振興法,9,5,False,C20_shozaichi_kankatsu:4;C03_shomen_kofu:2;C06_sonaeoki_etsuran:1;C02_jicchi_kakunin:1;C09_keitai_teiji:1
363AC1000000099,遊漁船業の適正化に関する法律,9,5,False,C06_sonaeoki_etsuran:4;C07_butsuri_keiji:2;C20_shozaichi_kankatsu:1;C02_jicchi_kakunin:1;C09_keitai_teiji:1
406AC0000000113,主要食糧の需給及び価格の安定に関する法律,9,5,False,C08_kokoku_gentei:4;C06_sonaeoki_etsuran:2;C20_shozaichi_kankatsu:1;C02_jicchi_kakunin:1;C09_keitai_teiji:1
414AC0000000189,構造改革特別区域法,9,5,True,C04_genpon_fukusuu:3;C03_shomen_kofu:2;C06_sonaeoki_etsuran:2;C13_baitai_shitei:1;C17_keiyu_teishutsu:1
430AC0000000073,法務局における遺言書の保管等に関する法律,9,5,False,C01_taimen_shutto:3;C06_sonaeoki_etsuran:3;C20_shozaichi_kankatsu:1;C13_baitai_shitei:1;C16_inshi_genkin:1
431AC0000000018,令和七年に開催される国際博覧会の準備及び運営のために必要な特別措置に関する法律,9,5,False,C04_genpon_fukusuu:3;C14_yubin_sotatsu:2;C10_jochu_sennin:2;C02_jicchi_kakunin:1;C09_keitai_teiji:1
322AC0000000050,労働者災害補償保険法,8,5,False,C01_taimen_shutto:3;C03_shomen_kofu:2;C16_inshi_genkin:1;C02_jicchi_kakunin:1;C09_keitai_teiji:1
325AC0000000211,地方交付税法,8,5,True,C17_keiyu_teishutsu:3;C18_jisan_madoguchi:2;C08_kokoku_gentei:1;C06_sonaeoki_etsuran:1;C03_shomen_kofu:1
326AC0100000226,診療放射線技師法,8,5,False,C22_techo_shohyo:4;C18_jisan_madoguchi:1;C01_taimen_shutto:1;C05_oin_shomei:1;C09_keitai_teiji:1
326AC0100000246,国有林野の管理経営に関する法律,8,5,False,C03_shomen_kofu:2;C06_sonaeoki_etsuran:2;C02_jicchi_kakunin:2;C09_keitai_teiji:1;C23_kyotaku_hoshokin:1
327AC0000000138,日本国とアメリカ合衆国との間の相互協力及び安全保障条約第六条に基づく施設及び区域並びに日本国における合衆国軍隊の地位に関する協定の実施に伴う刑事特別法,8,5,False,C18_jisan_madoguchi:3;C01_taimen_shutto:2;C22_techo_shohyo:1;C04_genpon_fukusuu:1;C06_sonaeoki_etsuran:1
327AC0000000184,公共工事の前払金保証事業に関する法律,8,5,True,C03_shomen_kofu:3;C01_taimen_shutto:2;C13_baitai_shitei:1;C09_keitai_teiji:1;C22_techo_shohyo:1
331AC0000000121,倉庫業法,8,5,False,C06_sonaeoki_etsuran:3;C07_butsuri_keiji:2;C02_jicchi_kakunin:1;C09_keitai_teiji:1;C22_techo_shohyo:1
345AC0000000060,家内労働法,8,5,False,C22_techo_shohyo:2;C01_taimen_shutto:2;C02_jicchi_kakunin:2;C06_sonaeoki_etsuran:1;C09_keitai_teiji:1
362AC0000000060,臨床工学技士法,8,5,False,C22_techo_shohyo:2;C06_sonaeoki_etsuran:2;C02_jicchi_kakunin:2;C09_keitai_teiji:1;C08_kokoku_gentei:1
362AC0000000061,義肢装具士法,8,5,False,C22_techo_shohyo:2;C06_sonaeoki_etsuran:2;C02_jicchi_kakunin:2;C09_keitai_teiji:1;C08_kokoku_gentei:1
406AC0000000117,原子爆弾被爆者に対する援護に関する法律,8,5,True,C22_techo_shohyo:3;C18_jisan_madoguchi:2;C02_jicchi_kakunin:1;C13_baitai_shitei:1;C16_inshi_genkin:1
410AC0000000104,動産及び債権の譲渡の対抗要件に関する民法の特例等に関する法律,8,5,False,C13_baitai_shitei:3;C18_jisan_madoguchi:2;C20_shozaichi_kankatsu:1;C17_keiyu_teishutsu:1;C16_inshi_genkin:1
413AC0000000111,特定機器に係る適合性評価手続の結果の外国との相互承認の実施に関する法律,8,5,False,C02_jicchi_kakunin:4;C06_sonaeoki_etsuran:1;C18_jisan_madoguchi:1;C09_keitai_teiji:1;C01_taimen_shutto:1
414AC0000000014,沖縄振興特別措置法,8,5,True,C22_techo_shohyo:4;C06_sonaeoki_etsuran:1;C09_keitai_teiji:1;C18_jisan_madoguchi:1;C08_kokoku_gentei:1
414AC0000000127,独立行政法人農業者年金基金法,8,5,False,C01_taimen_shutto:3;C09_keitai_teiji:2;C10_jochu_sennin:1;C15_koto_yomikikase:1;C02_jicchi_kakunin:1
417AC0000000087,会社法の施行に伴う関係法律の整備等に関する法律,8,5,False,C20_shozaichi_kankatsu:3;C06_sonaeoki_etsuran:2;C05_oin_shomei:1;C01_taimen_shutto:1;C19_kaigitai_kaisai:1
418AC0000000077,就学前の子どもに関する教育、保育等の総合的な提供の推進に関する法律,8,5,True,C03_shomen_kofu:3;C02_jicchi_kakunin:2;C09_keitai_teiji:1;C04_genpon_fukusuu:1;C17_keiyu_teishutsu:1
419AC0000000059,地域公共交通の活性化及び再生に関する法律,8,5,True,C17_keiyu_teishutsu:4;C22_techo_shohyo:1;C09_keitai_teiji:1;C14_yubin_sotatsu:1;C20_shozaichi_kankatsu:1
420AC0000000083,愛がん動物用飼料の安全性の確保に関する法律,8,5,False,C02_jicchi_kakunin:3;C06_sonaeoki_etsuran:2;C08_kokoku_gentei:1;C03_shomen_kofu:1;C09_keitai_teiji:1
427AC0000000033,令和三年東京オリンピック競技大会・東京パラリンピック競技大会特別措置法,8,5,False,C04_genpon_fukusuu:3;C10_jochu_sennin:2;C14_yubin_sotatsu:1;C09_keitai_teiji:1;C18_jisan_madoguchi:1
501AC0000000015,表題部所有者不明土地の登記及び管理の適正化に関する法律,8,5,True,C02_jicchi_kakunin:3;C23_kyotaku_hoshokin:2;C09_keitai_teiji:1;C18_jisan_madoguchi:1;C20_shozaichi_kankatsu:1
504AC0000000039,情報通信技術を利用する方法による国の歳入等の納付に関する法律,8,5,True,C16_inshi_genkin:2;C06_sonaeoki_etsuran:2;C02_jicchi_kakunin:2;C09_keitai_teiji:1;C13_baitai_shitei:1
323AC0000000048,墓地、埋葬等に関する法律,7,5,False,C22_techo_shohyo:2;C02_jicchi_kakunin:2;C04_genpon_fukusuu:1;C06_sonaeoki_etsuran:1;C09_keitai_teiji:1
326AC0000000191,国家公務員災害補償法,7,5,False,C01_taimen_shutto:3;C02_jicchi_kakunin:1;C09_keitai_teiji:1;C22_techo_shohyo:1;C16_inshi_genkin:1
327AC0000000112,日本国とアメリカ合衆国との間の相互協力及び安全保障条約第六条に基づく施設及び区域並びに日本国における合衆国軍隊の地位に関する協定の実施に伴う関税法等の臨時特例に関する法律,7,5,False,C14_yubin_sotatsu:2;C18_jisan_madoguchi:2;C09_keitai_teiji:1;C21_buppin_hyoji:1;C20_shozaichi_kankatsu:1
331AC0000000079,都市公園法,7,5,False,C07_butsuri_keiji:2;C06_sonaeoki_etsuran:2;C14_yubin_sotatsu:1;C02_jicchi_kakunin:1;C19_kaigitai_kaisai:1
333AC0000000106,企業担保法,7,5,False,C20_shozaichi_kankatsu:3;C08_kokoku_gentei:1;C06_sonaeoki_etsuran:1;C14_yubin_sotatsu:1;C04_genpon_fukusuu:1
343AC0000000074,砂利採取法,7,5,False,C06_sonaeoki_etsuran:2;C09_keitai_teiji:2;C20_shozaichi_kankatsu:1;C07_butsuri_keiji:1;C02_jicchi_kakunin:1
351AC0000000034,賃金の支払の確保等に関する法律,7,5,False,C01_taimen_shutto:2;C02_jicchi_kakunin:2;C09_keitai_teiji:1;C22_techo_shohyo:1;C03_shomen_kofu:1
357AC1000000064,深海底鉱業暫定措置法,7,5,False,C03_shomen_kofu:2;C09_keitai_teiji:2;C22_techo_shohyo:1;C06_sonaeoki_etsuran:1;C02_jicchi_kakunin:1
408AC0000000045,林業労働力の確保の促進に関する法律,7,5,False,C20_shozaichi_kankatsu:2;C02_jicchi_kakunin:2;C18_jisan_madoguchi:1;C12_taimen_koshu:1;C03_shomen_kofu:1
410AC0000000036,中部国際空港の設置及び管理に関する法律,7,5,False,C08_kokoku_gentei:2;C25_kenmen_shoken:2;C10_jochu_sennin:1;C02_jicchi_kakunin:1;C09_keitai_teiji:1
412AC0000000116,食品循環資源の再生利用等の促進に関する法律,7,5,False,C20_shozaichi_kankatsu:2;C02_jicchi_kakunin:2;C06_sonaeoki_etsuran:1;C07_butsuri_keiji:1;C09_keitai_teiji:1
421AC0000000085,クラスター弾等の製造の禁止及び所持の規制等に関する法律,7,5,False,C18_jisan_madoguchi:2;C06_sonaeoki_etsuran:2;C03_shomen_kofu:1;C02_jicchi_kakunin:1;C09_keitai_teiji:1
431AC0000000003,森林環境税及び森林環境譲与税に関する法律,7,5,True,C09_keitai_teiji:2;C08_kokoku_gentei:2;C22_techo_shohyo:1;C06_sonaeoki_etsuran:1;C17_keiyu_teishutsu:1
325AC0000000110,資産再評価法,6,5,False,C09_keitai_teiji:2;C06_sonaeoki_etsuran:1;C03_shomen_kofu:1;C02_jicchi_kakunin:1;C22_techo_shohyo:1
326AC1000000145,納税貯蓄組合法,6,5,True,C16_inshi_genkin:2;C09_keitai_teiji:1;C13_baitai_shitei:1;C22_techo_shohyo:1;C18_jisan_madoguchi:1
327AC0000000195,貸付信託法,6,5,True,C25_kenmen_shoken:2;C03_shomen_kofu:1;C05_oin_shomei:1;C08_kokoku_gentei:1;C06_sonaeoki_etsuran:1
328AC0000000145,武器等製造法,6,5,False,C09_keitai_teiji:2;C03_shomen_kofu:1;C06_sonaeoki_etsuran:1;C02_jicchi_kakunin:1;C22_techo_shohyo:1
332AC0000000079,高速自動車国道法,6,5,False,C06_sonaeoki_etsuran:2;C20_shozaichi_kankatsu:1;C02_jicchi_kakunin:1;C09_keitai_teiji:1;C22_techo_shohyo:1
337AC0000000139,行政事件訴訟法,6,5,False,C03_shomen_kofu:2;C20_shozaichi_kankatsu:1;C04_genpon_fukusuu:1;C14_yubin_sotatsu:1;C15_koto_yomikikase:1
341AC0000000110,流通業務市街地の整備に関する法律,6,5,False,C06_sonaeoki_etsuran:2;C14_yubin_sotatsu:1;C09_keitai_teiji:1;C07_butsuri_keiji:1;C04_genpon_fukusuu:1
348AC0000000026,金属鉱業等鉱害対策特別措置法,6,5,False,C06_sonaeoki_etsuran:2;C03_shomen_kofu:1;C08_kokoku_gentei:1;C02_jicchi_kakunin:1;C09_keitai_teiji:1
354AC0000000033,特定ガス消費機器の設置工事の監督に関する法律,6,5,False,C02_jicchi_kakunin:2;C12_taimen_koshu:1;C09_keitai_teiji:1;C07_butsuri_keiji:1;C21_buppin_hyoji:1
409AC0000000048,日本私立学校振興・共済事業団法,6,5,True,C06_sonaeoki_etsuran:2;C18_jisan_madoguchi:1;C08_kokoku_gentei:1;C02_jicchi_kakunin:1;C09_keitai_teiji:1
411AC0000000051,持続的養殖生産確保法,6,5,True,C03_shomen_kofu:2;C13_baitai_shitei:1;C20_shozaichi_kankatsu:1;C02_jicchi_kakunin:1;C09_keitai_teiji:1
416AC0000000074,総合法律支援法,6,5,True,C06_sonaeoki_etsuran:2;C19_kaigitai_kaisai:1;C03_shomen_kofu:1;C12_taimen_koshu:1;C08_kokoku_gentei:1
421AC0000000064,特定地域及び準特定地域における一般乗用旅客自動車運送事業の適正化及び活性化に関する特別措置法,6,5,True,C01_taimen_shutto:2;C17_keiyu_teishutsu:1;C08_kokoku_gentei:1;C02_jicchi_kakunin:1;C09_keitai_teiji:1
429AC0000000064,電子委任状の普及の促進に関する法律,6,5,True,C09_keitai_teiji:2;C05_oin_shomei:1;C13_baitai_shitei:1;C21_buppin_hyoji:1;C02_jicchi_kakunin:1
503AC0000000034,畜舎等の建築等及び利用の特例に関する法律,6,5,False,C02_jicchi_kakunin:2;C20_shozaichi_kankatsu:1;C09_keitai_teiji:1;C18_jisan_madoguchi:1;C07_butsuri_keiji:1
326AC1000000144,農産物検査法,5,5,False,C01_taimen_shutto:1;C21_buppin_hyoji:1;C06_sonaeoki_etsuran:1;C02_jicchi_kakunin:1;C09_keitai_teiji:1
326AC1000000250,森林法施行法,5,5,False,C01_taimen_shutto:1;C19_kaigitai_kaisai:1;C04_genpon_fukusuu:1;C07_butsuri_keiji:1;C20_shozaichi_kankatsu:1
327AC0000000041,外務公務員法,5,5,False,C05_oin_shomei:1;C09_keitai_teiji:1;C12_taimen_koshu:1;C03_shomen_kofu:1;C01_taimen_shutto:1
331AC0000000162,地方教育行政の組織及び運営に関する法律,5,5,False,C05_oin_shomei:1;C01_taimen_shutto:1;C10_jochu_sennin:1;C12_taimen_koshu:1;C20_shozaichi_kankatsu:1
350AC0000000057,自動車安全運転センター法,5,5,False,C03_shomen_kofu:1;C18_jisan_madoguchi:1;C02_jicchi_kakunin:1;C09_keitai_teiji:1;C22_techo_shohyo:1
355AC0000000040,船舶のトン数の測度に関する法律,5,5,False,C06_sonaeoki_etsuran:1;C18_jisan_madoguchi:1;C02_jicchi_kakunin:1;C03_shomen_kofu:1;C09_keitai_teiji:1
360AC1000000063,半島振興法,5,5,True,C08_kokoku_gentei:1;C20_shozaichi_kankatsu:1;C17_keiyu_teishutsu:1;C09_keitai_teiji:1;C14_yubin_sotatsu:1
408AC0000000076,排他的経済水域における漁業等に関する主権的権利の行使等に関する法律,5,5,False,C06_sonaeoki_etsuran:1;C22_techo_shohyo:1;C18_jisan_madoguchi:1;C02_jicchi_kakunin:1;C01_taimen_shutto:1
419AC0000000053,統計法,5,5,True,C03_shomen_kofu:1;C13_baitai_shitei:1;C02_jicchi_kakunin:1;C09_keitai_teiji:1;C06_sonaeoki_etsuran:1
424AC1000000047,原子力規制委員会設置法,5,5,False,C03_shomen_kofu:1;C01_taimen_shutto:1;C09_keitai_teiji:1;C22_techo_shohyo:1;C17_keiyu_teishutsu:1
426AC0000000112,経済連携協定に基づく申告原産品に係る情報の提供等に関する法律,5,5,True,C13_baitai_shitei:1;C03_shomen_kofu:1;C01_taimen_shutto:1;C02_jicchi_kakunin:1;C09_keitai_teiji:1
430AC0000000089,海洋再生可能エネルギー発電設備の整備に係る海域の利用の促進に関する法律,5,5,False,C03_shomen_kofu:1;C04_genpon_fukusuu:1;C06_sonaeoki_etsuran:1;C02_jicchi_kakunin:1;C09_keitai_teiji:1
409AC0000000081,環境影響評価法,41,4,True,C03_shomen_kofu:23;C06_sonaeoki_etsuran:11;C17_keiyu_teishutsu:5;C18_jisan_madoguchi:2
342AC0000000023,印紙税法,32,4,False,C16_inshi_genkin:19;C03_shomen_kofu:11;C18_jisan_madoguchi:1;C14_yubin_sotatsu:1
417AC0000000101,独立行政法人郵便貯金簡易生命保険管理・郵便局ネットワーク支援機構法,27,4,False,C14_yubin_sotatsu:21;C03_shomen_kofu:3;C02_jicchi_kakunin:2;C09_keitai_teiji:1
332AC0000000094,滞納処分と強制執行等との手続の調整に関する法律,25,4,False,C18_jisan_madoguchi:10;C23_kyotaku_hoshokin:8;C03_shomen_kofu:4;C14_yubin_sotatsu:3
410AC0000000090,投資事業有限責任組合契約に関する法律,17,4,False,C20_shozaichi_kankatsu:8;C03_shomen_kofu:6;C06_sonaeoki_etsuran:2;C05_oin_shomei:1
362AC0000000029,外国医師等が行う臨床修練等に係る医師法第十七条等の特例等に関する法律,15,4,False,C02_jicchi_kakunin:8;C05_oin_shomei:4;C22_techo_shohyo:2;C09_keitai_teiji:1
419AC1000000112,住宅確保要配慮者に対する賃貸住宅の供給の促進に関する法律,14,4,True,C06_sonaeoki_etsuran:7;C02_jicchi_kakunin:4;C09_keitai_teiji:2;C03_shomen_kofu:1
324AC0000000091,郵便切手類販売所等に関する法律,13,4,False,C14_yubin_sotatsu:6;C16_inshi_genkin:5;C22_techo_shohyo:1;C07_butsuri_keiji:1
409AC0000000061,南極地域の環境の保護に関する法律,13,4,False,C02_jicchi_kakunin:6;C03_shomen_kofu:3;C09_keitai_teiji:3;C06_sonaeoki_etsuran:1
416AC0000000059,市町村の合併の特例に関する法律,13,4,False,C19_kaigitai_kaisai:6;C05_oin_shomei:4;C01_taimen_shutto:2;C02_jicchi_kakunin:1
424AC0100000090,移植に用いる造血幹細胞の適切な提供の推進に関する法律,13,4,False,C06_sonaeoki_etsuran:5;C02_jicchi_kakunin:3;C09_keitai_teiji:3;C18_jisan_madoguchi:2
336AC0000000147,原子力損害の賠償に関する法律,11,4,False,C23_kyotaku_hoshokin:5;C03_shomen_kofu:3;C02_jicchi_kakunin:2;C09_keitai_teiji:1
344AC0000000058,農業振興地域の整備に関する法律,11,4,False,C06_sonaeoki_etsuran:4;C03_shomen_kofu:3;C17_keiyu_teishutsu:3;C20_shozaichi_kankatsu:1
347AC0000000088,熱供給事業法,11,4,True,C03_shomen_kofu:7;C09_keitai_teiji:2;C17_keiyu_teishutsu:1;C02_jicchi_kakunin:1
407AC0000000123,建築物の耐震改修の促進に関する法律,11,4,False,C02_jicchi_kakunin:5;C09_keitai_teiji:2;C21_buppin_hyoji:2;C06_sonaeoki_etsuran:2
409AC0000000110,内国税の適正な課税の確保を図るための国外送金等に係る調書の提出等に関する法律,11,4,True,C09_keitai_teiji:5;C05_oin_shomei:3;C13_baitai_shitei:2;C17_keiyu_teishutsu:1
419AC0000000085,株式会社日本政策投資銀行法,11,4,False,C25_kenmen_shoken:6;C02_jicchi_kakunin:3;C23_kyotaku_hoshokin:1;C09_keitai_teiji:1
325AC0000000067,貿易保険法,10,4,False,C18_jisan_madoguchi:6;C25_kenmen_shoken:2;C02_jicchi_kakunin:1;C09_keitai_teiji:1
361AC0000000093,日本国有鉄道改革法等施行法,10,4,False,C03_shomen_kofu:6;C14_yubin_sotatsu:2;C25_kenmen_shoken:1;C16_inshi_genkin:1
415AC0000000083,インターネット異性紹介事業を利用して児童を誘引する行為の規制等に関する法律,10,4,True,C20_shozaichi_kankatsu:5;C06_sonaeoki_etsuran:3;C10_jochu_sennin:1;C08_kokoku_gentei:1
423AC0000000081,総合特別区域法,10,4,True,C03_shomen_kofu:4;C04_genpon_fukusuu:3;C20_shozaichi_kankatsu:2;C22_techo_shohyo:1
423AC0000000117,東日本大震災からの復興のための施策を実施するために必要な財源の確保に関する特別措置法,10,4,False,C03_shomen_kofu:5;C18_jisan_madoguchi:2;C09_keitai_teiji:2;C19_kaigitai_kaisai:1
503AC1000000082,特定患者等の郵便等を用いて行う投票方法の特例に関する法律,10,4,True,C14_yubin_sotatsu:7;C03_shomen_kofu:1;C05_oin_shomei:1;C09_keitai_teiji:1
327AC0000000237,航空機製造事業法,9,4,False,C03_shomen_kofu:4;C22_techo_shohyo:2;C09_keitai_teiji:2;C02_jicchi_kakunin:1
407AC0000000112,容器包装に係る分別収集及び再商品化の促進等に関する法律,9,4,False,C02_jicchi_kakunin:3;C18_jisan_madoguchi:2;C06_sonaeoki_etsuran:2;C09_keitai_teiji:2
322AC0000000026,学校教育法,8,4,True,C03_shomen_kofu:3;C12_taimen_koshu:2;C08_kokoku_gentei:2;C13_baitai_shitei:1
322AC0000000059,裁判所法,8,4,False,C20_shozaichi_kankatsu:4;C14_yubin_sotatsu:2;C15_koto_yomikikase:1;C01_taimen_shutto:1
324AC0000000207,社会教育法,8,4,False,C12_taimen_koshu:5;C01_taimen_shutto:1;C18_jisan_madoguchi:1;C14_yubin_sotatsu:1
331AC0000000107,消防団員等公務災害補償等責任共済等に関する法律,8,4,False,C09_keitai_teiji:3;C06_sonaeoki_etsuran:3;C02_jicchi_kakunin:1;C10_jochu_sennin:1
342AC0000000121,地方公務員災害補償法,8,4,False,C01_taimen_shutto:5;C10_jochu_sennin:1;C19_kaigitai_kaisai:1;C09_keitai_teiji:1
346AC0000000065,コンテナーに関する通関条約及び国際道路運送手帳による担保の下で行なう貨物の国際運送に関する通関条約（ＴＩＲ条約）の実施に伴う関税法等の特例に関する法律,8,4,False,C22_techo_shohyo:5;C18_jisan_madoguchi:1;C02_jicchi_kakunin:1;C09_keitai_teiji:1
361AC0000000092,鉄道事業法,8,4,True,C02_jicchi_kakunin:4;C01_taimen_shutto:2;C13_baitai_shitei:1;C09_keitai_teiji:1
411AC0100000105,ダイオキシン類対策特別措置法,8,4,False,C02_jicchi_kakunin:3;C20_shozaichi_kankatsu:2;C09_keitai_teiji:2;C03_shomen_kofu:1
412AC0000000057,土砂災害警戒区域等における土砂災害防止対策の推進に関する法律,8,4,False,C02_jicchi_kakunin:4;C03_shomen_kofu:2;C09_keitai_teiji:1;C06_sonaeoki_etsuran:1
414AC0000000041,独立行政法人国立印刷局法,8,4,True,C08_kokoku_gentei:3;C14_yubin_sotatsu:2;C16_inshi_genkin:2;C03_shomen_kofu:1
417AC0000000098,日本郵政株式会社法,8,4,False,C14_yubin_sotatsu:5;C02_jicchi_kakunin:1;C09_keitai_teiji:1;C06_sonaeoki_etsuran:1
419AC0000000094,地方公共団体の財政の健全化に関する法律,8,4,False,C03_shomen_kofu:3;C17_keiyu_teishutsu:3;C06_sonaeoki_etsuran:1;C20_shozaichi_kankatsu:1
324CO0000000034,学校施設の確保に関する政令,7,4,False,C18_jisan_madoguchi:3;C02_jicchi_kakunin:2;C09_keitai_teiji:1;C22_techo_shohyo:1
328AC0000000265,日本国における国際連合の軍隊に対する刑事裁判権の行使に関する議定書の実施に伴う刑事特別法,7,4,False,C18_jisan_madoguchi:3;C01_taimen_shutto:2;C04_genpon_fukusuu:1;C06_sonaeoki_etsuran:1
329AC0000000036,国税収納金整理資金に関する法律,7,4,True,C22_techo_shohyo:3;C16_inshi_genkin:2;C06_sonaeoki_etsuran:1;C13_baitai_shitei:1
329AC0000000151,日本国における国際連合の軍隊の地位に関する協定の実施に伴う刑事特別法,7,4,False,C18_jisan_madoguchi:3;C01_taimen_shutto:2;C04_genpon_fukusuu:1;C06_sonaeoki_etsuran:1
334AC0000000155,小売商業調整特別措置法,7,4,False,C09_keitai_teiji:3;C03_shomen_kofu:2;C17_keiyu_teishutsu:1;C02_jicchi_kakunin:1
347AC0000000105,石油パイプライン事業法,7,4,False,C09_keitai_teiji:3;C02_jicchi_kakunin:2;C11_teiki_kensa:1;C03_shomen_kofu:1
348AC0000000117,化学物質の審査及び製造等の規制に関する法律,7,4,False,C06_sonaeoki_etsuran:2;C02_jicchi_kakunin:2;C09_keitai_teiji:2;C03_shomen_kofu:1
350AC0000000096,石油の備蓄の確保等に関する法律,7,4,False,C03_shomen_kofu:3;C06_sonaeoki_etsuran:2;C02_jicchi_kakunin:1;C09_keitai_teiji:1
352AC0000000054,電子情報処理組織による輸出入等関連業務の処理等に関する法律,7,4,True,C13_baitai_shitei:4;C16_inshi_genkin:1;C02_jicchi_kakunin:1;C09_keitai_teiji:1
356AC0000000028,特定外貿埠頭の管理運営に関する法律,7,4,False,C03_shomen_kofu:3;C08_kokoku_gentei:2;C09_keitai_teiji:1;C02_jicchi_kakunin:1
422AC0000000043,国際連合安全保障理事会決議第千八百七十四号等を踏まえ我が国が実施する貨物検査等に関する特別措置法,7,4,True,C02_jicchi_kakunin:4;C09_keitai_teiji:1;C22_techo_shohyo:1;C08_kokoku_gentei:1
425AC0000000101,農地中間管理事業の推進に関する法律,7,4,True,C03_shomen_kofu:3;C02_jicchi_kakunin:2;C06_sonaeoki_etsuran:1;C09_keitai_teiji:1
426AC0000000011,地方法人税法,7,4,True,C03_shomen_kofu:3;C13_baitai_shitei:2;C02_jicchi_kakunin:1;C18_jisan_madoguchi:1
431AC0000000016,アイヌの人々の誇りが尊重される社会を実現するための施策の推進に関する法律,7,4,False,C04_genpon_fukusuu:3;C09_keitai_teiji:2;C10_jochu_sennin:1;C02_jicchi_kakunin:1
502AC0000000022,家畜遺伝資源に係る不正競争の防止に関する法律,7,4,False,C18_jisan_madoguchi:2;C03_shomen_kofu:2;C14_yubin_sotatsu:2;C06_sonaeoki_etsuran:1
503AC0000000060,プラスチックに係る資源循環の促進等に関する法律,7,4,False,C03_shomen_kofu:2;C06_sonaeoki_etsuran:2;C02_jicchi_kakunin:2;C09_keitai_teiji:1
321AC0000000007,会社経理応急措置法,6,4,False,C03_shomen_kofu:2;C20_shozaichi_kankatsu:2;C18_jisan_madoguchi:1;C22_techo_shohyo:1
322AC0000000118,災害救助法,6,4,False,C02_jicchi_kakunin:3;C09_keitai_teiji:1;C22_techo_shohyo:1;C08_kokoku_gentei:1
323AC0000000129,社会保険診療報酬支払基金法,6,4,True,C01_taimen_shutto:3;C20_shozaichi_kankatsu:1;C06_sonaeoki_etsuran:1;C22_techo_shohyo:1
323AC0000000139,公衆浴場法,6,4,False,C03_shomen_kofu:2;C02_jicchi_kakunin:2;C09_keitai_teiji:1;C22_techo_shohyo:1
323AC1000000005,国立国会図書館法,6,4,True,C13_baitai_shitei:3;C06_sonaeoki_etsuran:1;C17_keiyu_teishutsu:1;C18_jisan_madoguchi:1
323CO0000000298,連合国財産上の家屋等の譲渡等に関する政令,6,4,False,C09_keitai_teiji:2;C22_techo_shohyo:2;C18_jisan_madoguchi:1;C02_jicchi_kakunin:1
325AC0000000129,造船法,6,4,False,C06_sonaeoki_etsuran:3;C18_jisan_madoguchi:1;C02_jicchi_kakunin:1;C09_keitai_teiji:1
325AC0000000194,牧野法,6,4,False,C02_jicchi_kakunin:3;C09_keitai_teiji:1;C22_techo_shohyo:1;C03_shomen_kofu:1
325AC1000000247,狂犬病予防法,6,4,False,C20_shozaichi_kankatsu:2;C18_jisan_madoguchi:2;C09_keitai_teiji:1;C22_techo_shohyo:1
327AC1000000226,離島航路整備法,6,4,False,C18_jisan_madoguchi:3;C02_jicchi_kakunin:1;C09_keitai_teiji:1;C22_techo_shohyo:1
329AC1000000189,奄美群島振興開発特別措置法,6,4,True,C07_butsuri_keiji:2;C02_jicchi_kakunin:2;C18_jisan_madoguchi:1;C09_keitai_teiji:1
344AC0000000049,地価公示法,6,4,False,C02_jicchi_kakunin:3;C08_kokoku_gentei:1;C06_sonaeoki_etsuran:1;C09_keitai_teiji:1
346AC0000000035,卸売市場法,6,4,False,C06_sonaeoki_etsuran:2;C20_shozaichi_kankatsu:2;C02_jicchi_kakunin:1;C09_keitai_teiji:1
347AC0000000086,新都市基盤整備法,6,4,False,C06_sonaeoki_etsuran:3;C01_taimen_shutto:1;C04_genpon_fukusuu:1;C02_jicchi_kakunin:1
361AC0000000042,特定都市鉄道整備促進特別措置法,6,4,False,C08_kokoku_gentei:3;C18_jisan_madoguchi:1;C02_jicchi_kakunin:1;C09_keitai_teiji:1
412AC0000000131,著作権等管理事業法,6,4,False,C06_sonaeoki_etsuran:3;C03_shomen_kofu:1;C02_jicchi_kakunin:1;C09_keitai_teiji:1
418AC0000000047,簡素で効率的な政府を実現するための行政改革の推進に関する法律,6,4,True,C04_genpon_fukusuu:3;C18_jisan_madoguchi:1;C10_jochu_sennin:1;C02_jicchi_kakunin:1
426AC0000000050,難病の患者に対する医療等に関する法律,6,4,True,C09_keitai_teiji:2;C01_taimen_shutto:2;C02_jicchi_kakunin:1;C06_sonaeoki_etsuran:1
431AC0000000017,農業用ため池の管理及び保全に関する法律,6,4,True,C20_shozaichi_kankatsu:2;C02_jicchi_kakunin:2;C03_shomen_kofu:1;C09_keitai_teiji:1
502AC0000000079,特定水産動植物等の国内流通の適正化等に関する法律,6,4,False,C18_jisan_madoguchi:3;C22_techo_shohyo:1;C02_jicchi_kakunin:1;C09_keitai_teiji:1
504AC0000000015,令和九年に開催される国際園芸博覧会の準備及び運営のために必要な特別措置に関する法律,6,4,False,C14_yubin_sotatsu:2;C10_jochu_sennin:2;C02_jicchi_kakunin:1;C09_keitai_teiji:1
505AC0000000054,防衛省が調達する装備品等の開発及び生産のための基盤の強化に関する法律,6,4,True,C06_sonaeoki_etsuran:2;C02_jicchi_kakunin:2;C18_jisan_madoguchi:1;C09_keitai_teiji:1
507AC0000000026,日本国の自衛隊と我が国以外の締約国の軍隊との間における相互のアクセス及び協力の円滑化に関する日本国と我が国以外の締約国との間の協定の実施に関する法律,6,4,True,C18_jisan_madoguchi:3;C13_baitai_shitei:1;C04_genpon_fukusuu:1;C06_sonaeoki_etsuran:1
131AC0000000011,民法施行法,5,4,True,C05_oin_shomei:2;C13_baitai_shitei:1;C14_yubin_sotatsu:1;C16_inshi_genkin:1
323AC0000000137,興行場法,5,4,False,C03_shomen_kofu:2;C02_jicchi_kakunin:1;C09_keitai_teiji:1;C22_techo_shohyo:1
323AC0000000140,化製場等に関する法律,5,4,False,C02_jicchi_kakunin:2;C03_shomen_kofu:1;C09_keitai_teiji:1;C22_techo_shohyo:1
323AC0000000249,刑事訴訟法施行法,5,4,False,C04_genpon_fukusuu:2;C06_sonaeoki_etsuran:1;C03_shomen_kofu:1;C16_inshi_genkin:1
324AC0000000099,航路標識法,5,4,False,C02_jicchi_kakunin:2;C09_keitai_teiji:1;C22_techo_shohyo:1;C03_shomen_kofu:1
324AC0000000149,文部科学省著作教科書の出版権等に関する法律,5,4,False,C01_taimen_shutto:2;C07_butsuri_keiji:1;C08_kokoku_gentei:1;C24_kuji_hassochakusho:1
324AC1000000256,政府契約の支払遅延防止等に関する法律,5,4,True,C13_baitai_shitei:2;C03_shomen_kofu:1;C22_techo_shohyo:1;C02_jicchi_kakunin:1
325AC0000000102,水路業務法,5,4,False,C07_butsuri_keiji:2;C09_keitai_teiji:1;C22_techo_shohyo:1;C02_jicchi_kakunin:1
329AC0000000162,警察法,5,4,True,C10_jochu_sennin:2;C13_baitai_shitei:1;C24_kuji_hassochakusho:1;C03_shomen_kofu:1
329AC0000000182,酪農及び肉用牛生産の振興に関する法律,5,4,False,C01_taimen_shutto:2;C03_shomen_kofu:1;C02_jicchi_kakunin:1;C09_keitai_teiji:1
331AC0000000114,国の債権の管理等に関する法律,5,4,True,C13_baitai_shitei:2;C02_jicchi_kakunin:1;C20_shozaichi_kankatsu:1;C22_techo_shohyo:1
331AC0000000120,製造委託等に係る中小受託事業者に対する代金の支払の遅延等の防止に関する法律,5,4,True,C13_baitai_shitei:2;C02_jicchi_kakunin:1;C09_keitai_teiji:1;C03_shomen_kofu:1
331AC1000000138,接収不動産に関する借地借家臨時処理法,5,4,False,C08_kokoku_gentei:2;C07_butsuri_keiji:1;C14_yubin_sotatsu:1;C20_shozaichi_kankatsu:1
334AC0000000137,最低賃金法,5,4,False,C02_jicchi_kakunin:2;C07_butsuri_keiji:1;C09_keitai_teiji:1;C22_techo_shohyo:1
341AC0000000101,首都圏近郊緑地保全法,5,4,False,C06_sonaeoki_etsuran:2;C08_kokoku_gentei:1;C02_jicchi_kakunin:1;C09_keitai_teiji:1
342AC0000000092,炭鉱災害による一酸化炭素中毒症に関する特別措置法,5,4,False,C02_jicchi_kakunin:2;C11_teiki_kensa:1;C09_keitai_teiji:1;C22_techo_shohyo:1
345AC1000000071,全国新幹線鉄道整備法,5,4,False,C02_jicchi_kakunin:2;C06_sonaeoki_etsuran:1;C09_keitai_teiji:1;C03_shomen_kofu:1
361AC0000000065,プログラムの著作物に係る登録の特例に関する法律,5,4,False,C06_sonaeoki_etsuran:2;C02_jicchi_kakunin:1;C09_keitai_teiji:1;C08_kokoku_gentei:1
362AC0000000062,民間都市開発の推進に関する特別措置法,5,4,False,C08_kokoku_gentei:2;C02_jicchi_kakunin:1;C09_keitai_teiji:1;C03_shomen_kofu:1
411AC0000000089,内閣府設置法,5,4,True,C08_kokoku_gentei:2;C13_baitai_shitei:1;C22_techo_shohyo:1;C04_genpon_fukusuu:1
411AC0000000095,財務省設置法,5,4,False,C16_inshi_genkin:2;C02_jicchi_kakunin:1;C09_keitai_teiji:1;C22_techo_shohyo:1
411AC0000000192,国立研究開発法人農業・食品産業技術総合研究機構法,5,4,False,C02_jicchi_kakunin:2;C12_taimen_koshu:1;C18_jisan_madoguchi:1;C06_sonaeoki_etsuran:1
417AC1000000031,携帯音声通信事業者による契約者等の本人確認等及び携帯音声通信役務の不正な利用の防止に関する法律,5,4,True,C09_keitai_teiji:2;C13_baitai_shitei:1;C02_jicchi_kakunin:1;C18_jisan_madoguchi:1
420AC0000000039,観光圏の整備による観光旅客の来訪及び滞在の促進に関する法律,5,4,True,C07_butsuri_keiji:2;C09_keitai_teiji:1;C17_keiyu_teishutsu:1;C22_techo_shohyo:1
430AC0000000068,都市農地の貸借の円滑化に関する法律,5,4,False,C20_shozaichi_kankatsu:2;C03_shomen_kofu:1;C02_jicchi_kakunin:1;C09_keitai_teiji:1
431AC0000000004,特別法人事業税及び特別法人事業譲与税に関する法律,5,4,False,C09_keitai_teiji:2;C22_techo_shohyo:1;C06_sonaeoki_etsuran:1;C08_kokoku_gentei:1
501AC0000000008,大学等における修学の支援に関する法律,5,4,True,C01_taimen_shutto:2;C03_shomen_kofu:1;C02_jicchi_kakunin:1;C09_keitai_teiji:1
501AC1000000064,地域人口の急減に対処するための特定地域づくり事業の推進に関する法律,5,4,False,C02_jicchi_kakunin:2;C09_keitai_teiji:1;C03_shomen_kofu:1;C18_jisan_madoguchi:1
506AC0000000037,脱炭素成長型経済構造への円滑な移行のための低炭素水素等の供給及び利用の促進に関する法律,5,4,False,C18_jisan_madoguchi:2;C03_shomen_kofu:1;C02_jicchi_kakunin:1;C09_keitai_teiji:1
323AC0000000136,警察官職務執行法,4,4,False,C10_jochu_sennin:1;C20_shozaichi_kankatsu:1;C09_keitai_teiji:1;C22_techo_shohyo:1
323AC0000000138,旅館業法,4,4,True,C03_shomen_kofu:1;C02_jicchi_kakunin:1;C09_keitai_teiji:1;C22_techo_shohyo:1
324AC0000000117,国家公務員宿舎法,4,4,True,C10_jochu_sennin:1;C02_jicchi_kakunin:1;C20_shozaichi_kankatsu:1;C06_sonaeoki_etsuran:1
325AC0000000001,刑事補償法,4,4,False,C22_techo_shohyo:1;C04_genpon_fukusuu:1;C14_yubin_sotatsu:1;C08_kokoku_gentei:1
327AC0000000093,在外公館の名称及び位置並びに在外公館に勤務する外務公務員の給与に関する法律,4,4,False,C09_keitai_teiji:1;C10_jochu_sennin:1;C12_taimen_koshu:1;C22_techo_shohyo:1
327AC1000000305,日本赤十字社法,4,4,False,C19_kaigitai_kaisai:1;C02_jicchi_kakunin:1;C09_keitai_teiji:1;C22_techo_shohyo:1
328AC0000000087,消防施設強化促進法,4,4,False,C03_shomen_kofu:1;C17_keiyu_teishutsu:1;C02_jicchi_kakunin:1;C18_jisan_madoguchi:1
330AC1000000136,天災による被害農林漁業者等に対する資金の融通に関する暫定措置法,4,4,False,C18_jisan_madoguchi:1;C02_jicchi_kakunin:1;C09_keitai_teiji:1;C22_techo_shohyo:1
332AC0000000172,国際海上物品運送法,4,4,False,C01_taimen_shutto:1;C03_shomen_kofu:1;C18_jisan_madoguchi:1;C14_yubin_sotatsu:1
336AC0000000155,社会福祉施設職員等退職手当共済法,4,4,True,C02_jicchi_kakunin:1;C09_keitai_teiji:1;C13_baitai_shitei:1;C06_sonaeoki_etsuran:1
337AC0000000119,住居表示に関する法律,4,4,False,C20_shozaichi_kankatsu:1;C05_oin_shomei:1;C07_butsuri_keiji:1;C06_sonaeoki_etsuran:1
345AC0000000138,水質汚濁防止法,4,4,False,C11_teiki_kensa:1;C02_jicchi_kakunin:1;C09_keitai_teiji:1;C20_shozaichi_kankatsu:1
346AC0000000073,児童手当法,4,4,False,C10_jochu_sennin:1;C09_keitai_teiji:1;C22_techo_shohyo:1;C06_sonaeoki_etsuran:1
348AC0000000122,石油需給適正化法,4,4,False,C20_shozaichi_kankatsu:1;C06_sonaeoki_etsuran:1;C02_jicchi_kakunin:1;C09_keitai_teiji:1
355AC0000000065,農業経営基盤強化促進法,4,4,False,C02_jicchi_kakunin:1;C17_keiyu_teishutsu:1;C04_genpon_fukusuu:1;C06_sonaeoki_etsuran:1
361AC0000000045,東京湾横断道路の建設に関する特別措置法,4,4,False,C17_keiyu_teishutsu:1;C25_kenmen_shoken:1;C02_jicchi_kakunin:1;C09_keitai_teiji:1
404AC0000000062,産業廃棄物の処理に係る特定施設の整備の促進に関する法律,4,4,False,C17_keiyu_teishutsu:1;C20_shozaichi_kankatsu:1;C02_jicchi_kakunin:1;C09_keitai_teiji:1
408AC0000000039,塩事業法,4,4,False,C06_sonaeoki_etsuran:1;C02_jicchi_kakunin:1;C09_keitai_teiji:1;C07_butsuri_keiji:1
411AC0000000226,電気通信回線による登記情報の提供に関する法律,4,4,False,C13_baitai_shitei:1;C06_sonaeoki_etsuran:1;C02_jicchi_kakunin:1;C09_keitai_teiji:1
422AC1000000042,ＰＴＡ・青少年教育団体共済法,4,4,False,C02_jicchi_kakunin:1;C09_keitai_teiji:1;C22_techo_shohyo:1;C23_kyotaku_hoshokin:1
423AC0000000040,東日本大震災に対処するための特別の財政援助及び助成に関する法律,4,4,False,C02_jicchi_kakunin:1;C16_inshi_genkin:1;C14_yubin_sotatsu:1;C20_shozaichi_kankatsu:1
423AC0000000047,職業訓練の実施等による特定求職者の就職の支援に関する法律,4,4,True,C12_taimen_koshu:1;C02_jicchi_kakunin:1;C09_keitai_teiji:1;C13_baitai_shitei:1
426AC1000000103,内水面漁業の振興に関する法律,4,4,False,C22_techo_shohyo:1;C02_jicchi_kakunin:1;C09_keitai_teiji:1;C17_keiyu_teishutsu:1
501AC1000000042,棚田地域振興法,4,4,False,C08_kokoku_gentei:1;C03_shomen_kofu:1;C09_keitai_teiji:1;C17_keiyu_teishutsu:1
324AC0000000284,郵便物運送委託法,23,3,False,C14_yubin_sotatsu:19;C11_teiki_kensa:3;C18_jisan_madoguchi:1
413AC0000000140,独立行政法人等の保有する情報の公開に関する法律,17,3,True,C03_shomen_kofu:13;C06_sonaeoki_etsuran:3;C08_kokoku_gentei:1
411AC0000000042,行政機関の保有する情報の公開に関する法律,16,3,True,C03_shomen_kofu:13;C06_sonaeoki_etsuran:2;C08_kokoku_gentei:1
420AC1000000079,青少年が安全に安心してインターネットを利用できる環境の整備等に関する法律,15,3,True,C06_sonaeoki_etsuran:13;C13_baitai_shitei:1;C08_kokoku_gentei:1
345AC0000000115,民事訴訟手続に関する条約等の実施に伴う民事訴訟手続の特例等に関する法律,14,3,False,C14_yubin_sotatsu:12;C03_shomen_kofu:1;C04_genpon_fukusuu:1
425AC0000000085,再生医療等の安全性の確保等に関する法律,14,3,False,C02_jicchi_kakunin:9;C03_shomen_kofu:3;C09_keitai_teiji:2
407AC0000000043,被災区分所有建物の再建等に関する特別措置法,12,3,True,C19_kaigitai_kaisai:6;C06_sonaeoki_etsuran:3;C07_butsuri_keiji:3
419AC0000000023,特別会計に関する法律,12,3,True,C19_kaigitai_kaisai:6;C16_inshi_genkin:5;C22_techo_shohyo:1
324AC0000000224,お年玉付郵便葉書等に関する法律,11,3,False,C14_yubin_sotatsu:8;C24_kuji_hassochakusho:2;C18_jisan_madoguchi:1
325CO0000000022,国外居住外国人等に対する債務の弁済のためにする供託の特例に関する政令,11,3,False,C23_kyotaku_hoshokin:9;C09_keitai_teiji:1;C18_jisan_madoguchi:1
407AC0000000011,阪神・淡路大震災の被災者等に係る国税関係法律の臨時特例に関する法律,10,3,False,C03_shomen_kofu:6;C18_jisan_madoguchi:3;C16_inshi_genkin:1
419AC0000000104,社会保障協定の実施に伴う厚生年金保険法等の特例等に関する法律,10,3,False,C15_koto_yomikikase:4;C17_keiyu_teishutsu:4;C03_shomen_kofu:2
324AC0000000001,教育公務員特例法,9,3,False,C12_taimen_koshu:7;C01_taimen_shutto:1;C03_shomen_kofu:1
333AC0000000030,地すべり等防止法,9,3,False,C02_jicchi_kakunin:5;C09_keitai_teiji:3;C06_sonaeoki_etsuran:1
333AC0000000150,航空機工業振興法,9,3,False,C18_jisan_madoguchi:7;C02_jicchi_kakunin:1;C09_keitai_teiji:1
142AC0000000039,印紙犯罪処罰法,8,3,False,C16_inshi_genkin:4;C05_oin_shomei:3;C22_techo_shohyo:1
322AC0000000034,財政法,8,3,True,C19_kaigitai_kaisai:3;C20_shozaichi_kankatsu:3;C13_baitai_shitei:2
322AC1000000225,議院における証人の宣誓及び証言等に関する法律,8,3,False,C01_taimen_shutto:6;C05_oin_shomei:1;C15_koto_yomikikase:1
323AC0000000109,地方財政法,8,3,False,C17_keiyu_teishutsu:4;C20_shozaichi_kankatsu:3;C25_kenmen_shoken:1
324AC0000000147,教育職員免許法,8,3,False,C12_taimen_koshu:5;C22_techo_shohyo:2;C08_kokoku_gentei:1
326AC1000000227,民間学術研究機関の助成に関する法律,8,3,False,C18_jisan_madoguchi:6;C09_keitai_teiji:1;C22_techo_shohyo:1
333AC0000000084,工業用水道事業法,8,3,False,C03_shomen_kofu:3;C09_keitai_teiji:3;C02_jicchi_kakunin:2
337AC0000000144,外国居住者等の所得に対する相互主義による所得税等の非課税等に関する法律,8,3,True,C18_jisan_madoguchi:3;C09_keitai_teiji:3;C13_baitai_shitei:2
411AC0000000128,不正アクセス行為の禁止等に関する法律,8,3,False,C13_baitai_shitei:6;C05_oin_shomei:1;C06_sonaeoki_etsuran:1
420AC0000000056,保険法,8,3,False,C03_shomen_kofu:3;C05_oin_shomei:3;C23_kyotaku_hoshokin:2
143AC0000000054,関税定率法,7,3,False,C09_keitai_teiji:5;C14_yubin_sotatsu:1;C18_jisan_madoguchi:1
324AC0000000193,水防法,7,3,False,C02_jicchi_kakunin:5;C09_keitai_teiji:1;C22_techo_shohyo:1
331AC0000000101,海岸法,7,3,False,C02_jicchi_kakunin:4;C09_keitai_teiji:2;C06_sonaeoki_etsuran:1
331AC0000000146,工業用水法,7,3,False,C09_keitai_teiji:3;C03_shomen_kofu:2;C02_jicchi_kakunin:2
348AC0000000070,物品の一時輸入のための通関手帳に関する通関条約（ＡＴＡ条約）の実施に伴う関税法等の特例に関する法律,7,3,False,C22_techo_shohyo:5;C02_jicchi_kakunin:1;C09_keitai_teiji:1
359AC0000000061,湖沼水質保全特別措置法,7,3,False,C02_jicchi_kakunin:3;C09_keitai_teiji:3;C08_kokoku_gentei:1
411AC0000000086,特定化学物質の環境への排出量の把握等及び管理の改善の促進に関する法律,7,3,False,C13_baitai_shitei:4;C20_shozaichi_kankatsu:2;C17_keiyu_teishutsu:1
506AC1000000070,旧優生保護法に基づく優生手術等を受けた者等に対する補償金等の支給等に関する法律,7,3,True,C17_keiyu_teishutsu:3;C03_shomen_kofu:2;C01_taimen_shutto:2
328AC0000000006,酒税法,6,3,False,C03_shomen_kofu:3;C18_jisan_madoguchi:2;C02_jicchi_kakunin:1
338AC0000000134,新住宅市街地開発法,6,3,False,C06_sonaeoki_etsuran:4;C07_butsuri_keiji:1;C04_genpon_fukusuu:1
349AC0000000068,生産緑地法,6,3,False,C09_keitai_teiji:2;C03_shomen_kofu:2;C02_jicchi_kakunin:2
352AC1000000094,国際協定の締結等に伴う漁業離職者に関する臨時措置法,6,3,False,C22_techo_shohyo:4;C01_taimen_shutto:1;C18_jisan_madoguchi:1
353AC0000000073,大規模地震対策特別措置法,6,3,False,C02_jicchi_kakunin:3;C04_genpon_fukusuu:2;C18_jisan_madoguchi:1
413AC0000000147,地方公共団体の議会の議員及び長の選挙に係る電磁的記録式投票機を用いて行う投票方法等の特例に関する法律,6,3,True,C01_taimen_shutto:3;C13_baitai_shitei:2;C07_butsuri_keiji:1
418AC0000000088,農業の担い手に対する経営安定のための交付金の交付に関する法律,6,3,False,C18_jisan_madoguchi:4;C02_jicchi_kakunin:1;C09_keitai_teiji:1
418AC0000000116,道州制特別区域における広域行政の推進に関する法律,6,3,True,C04_genpon_fukusuu:3;C19_kaigitai_kaisai:2;C20_shozaichi_kankatsu:1
422AC0000000038,エネルギー環境適合製品の開発及び製造を行う事業の促進に関する法律,6,3,False,C06_sonaeoki_etsuran:4;C02_jicchi_kakunin:1;C09_keitai_teiji:1
423AC0000000054,関西国際空港及び大阪国際空港の一体的かつ効率的な設置及び管理に関する法律,6,3,False,C02_jicchi_kakunin:3;C25_kenmen_shoken:2;C09_keitai_teiji:1
423AC1000000079,障害者虐待の防止、障害者の養護者に対する支援等に関する法律,6,3,False,C20_shozaichi_kankatsu:3;C02_jicchi_kakunin:2;C09_keitai_teiji:1
132AC0000000046,船舶法,5,3,False,C02_jicchi_kakunin:3;C22_techo_shohyo:1;C09_keitai_teiji:1
138AC0000000054,工場抵当法,5,3,False,C04_genpon_fukusuu:3;C08_kokoku_gentei:1;C13_baitai_shitei:1
318AC0000000043,金融機関の信託業務の兼営等に関する法律,5,3,True,C23_kyotaku_hoshokin:3;C07_butsuri_keiji:1;C03_shomen_kofu:1
323AC0100000199,人身保護法,5,3,False,C01_taimen_shutto:3;C20_shozaichi_kankatsu:1;C14_yubin_sotatsu:1
329AC0000000113,交通事件即決裁判手続法,5,3,False,C03_shomen_kofu:2;C19_kaigitai_kaisai:2;C01_taimen_shutto:1
340AC0000000109,砂糖及びでん粉の価格調整に関する法律,5,3,False,C18_jisan_madoguchi:3;C02_jicchi_kakunin:1;C09_keitai_teiji:1
341AC1000000001,古都における歴史的風土の保存に関する特別措置法,5,3,False,C08_kokoku_gentei:2;C02_jicchi_kakunin:2;C09_keitai_teiji:1
353AC1000000042,成田国際空港の安全確保に関する緊急措置法,5,3,False,C02_jicchi_kakunin:2;C09_keitai_teiji:2;C13_baitai_shitei:1
404AC0000000063,介護労働者の雇用管理の改善等に関する法律,5,3,False,C20_shozaichi_kankatsu:2;C02_jicchi_kakunin:2;C09_keitai_teiji:1
413AC0000000065,ポリ塩化ビフェニル廃棄物の適正な処理の推進に関する特別措置法,5,3,False,C03_shomen_kofu:2;C02_jicchi_kakunin:2;C09_keitai_teiji:1
414AC0000000145,国立研究開発法人新エネルギー・産業技術総合開発機構法,5,3,True,C18_jisan_madoguchi:3;C02_jicchi_kakunin:1;C09_keitai_teiji:1
416AC1000000166,特定障害者に対する特別障害給付金の支給に関する法律,5,3,False,C17_keiyu_teishutsu:2;C06_sonaeoki_etsuran:2;C09_keitai_teiji:1
419AC1000000105,エコツーリズム推進法,5,3,True,C09_keitai_teiji:2;C02_jicchi_kakunin:2;C03_shomen_kofu:1
420AC0000000064,領海等における外国船舶の航行に関する法律,5,3,False,C02_jicchi_kakunin:3;C09_keitai_teiji:1;C22_techo_shohyo:1
506AC0000000018,地域における生物の多様性の増進のための活動の促進等に関する法律,5,3,False,C03_shomen_kofu:2;C06_sonaeoki_etsuran:2;C09_keitai_teiji:1
323AC0000000043,行政代執行法,4,3,False,C03_shomen_kofu:2;C09_keitai_teiji:1;C22_techo_shohyo:1
324AC0000000268,漁業法施行法,4,3,False,C06_sonaeoki_etsuran:2;C03_shomen_kofu:1;C23_kyotaku_hoshokin:1
325AC0000000118,図書館法,4,3,True,C12_taimen_koshu:2;C06_sonaeoki_etsuran:1;C18_jisan_madoguchi:1
327AC0000000207,ユネスコ活動に関する法律,4,3,False,C20_shozaichi_kankatsu:2;C10_jochu_sennin:1;C01_taimen_shutto:1
327AC0000000243,日本国とアメリカ合衆国との間の相互協力及び安全保障条約に基づき日本国にあるアメリカ合衆国の軍隊の水面の使用に伴う漁船の操業制限等に関する法律,4,3,False,C03_shomen_kofu:2;C17_keiyu_teishutsu:1;C20_shozaichi_kankatsu:1
328AC0000000096,有線電気通信法,4,3,False,C09_keitai_teiji:2;C03_shomen_kofu:1;C02_jicchi_kakunin:1
328AC0000000246,日本国に駐留するアメリカ合衆国軍隊等の行為による特別損失の補償に関する法律,4,3,False,C03_shomen_kofu:2;C17_keiyu_teishutsu:1;C20_shozaichi_kankatsu:1
328AC1000000064,北海道防寒住宅建設等促進法,4,3,False,C18_jisan_madoguchi:2;C12_taimen_koshu:1;C17_keiyu_teishutsu:1
331AC0000000080,空港法,4,3,True,C02_jicchi_kakunin:2;C19_kaigitai_kaisai:1;C09_keitai_teiji:1
331AC0000000160,安全な血液製剤の安定供給の確保等に関する法律,4,3,False,C02_jicchi_kakunin:2;C10_jochu_sennin:1;C09_keitai_teiji:1
333AC0000000098,首都圏の近郊整備地帯及び都市開発区域の整備に関する法律,4,3,False,C06_sonaeoki_etsuran:2;C07_butsuri_keiji:1;C04_genpon_fukusuu:1
333AC1000000076,臨床検査技師等に関する法律,4,3,False,C22_techo_shohyo:2;C02_jicchi_kakunin:1;C09_keitai_teiji:1
339AC0000000145,近畿圏の近郊整備区域及び都市開発区域の整備及び開発に関する法律,4,3,False,C06_sonaeoki_etsuran:2;C07_butsuri_keiji:1;C04_genpon_fukusuu:1
342AC0000000103,近畿圏の保全区域の整備に関する法律,4,3,False,C06_sonaeoki_etsuran:2;C02_jicchi_kakunin:1;C09_keitai_teiji:1
347AC0000000031,沖縄振興開発金融公庫法,4,3,False,C02_jicchi_kakunin:2;C06_sonaeoki_etsuran:1;C09_keitai_teiji:1
347AC0000000041,日本下水道事業団法,4,3,False,C19_kaigitai_kaisai:2;C02_jicchi_kakunin:1;C09_keitai_teiji:1
348AC1000000110,瀬戸内海環境保全特別措置法,4,3,False,C03_shomen_kofu:2;C06_sonaeoki_etsuran:1;C20_shozaichi_kankatsu:1
349AC0000000101,防衛施設周辺の生活環境の整備等に関する法律,4,3,False,C03_shomen_kofu:2;C17_keiyu_teishutsu:1;C20_shozaichi_kankatsu:1
352AC1000000096,船員の雇用の促進に関する特別措置法,4,3,False,C08_kokoku_gentei:2;C02_jicchi_kakunin:1;C09_keitai_teiji:1
353AC0000000081,日本国と大韓民国との間の両国に隣接する大陸棚だなの南部の共同開発に関する協定の実施に伴う石油及び可燃性天然ガス資源の開発に関する特別措置法,4,3,False,C09_keitai_teiji:2;C24_kuji_hassochakusho:1;C02_jicchi_kakunin:1
363AC0000000098,肉用子牛生産安定等特別措置法,4,3,False,C18_jisan_madoguchi:2;C02_jicchi_kakunin:1;C09_keitai_teiji:1
403AC0000000059,食品等の持続的な供給を実現するための食品等事業者による事業活動の促進及び食品等の取引の適正化に関する法律,4,3,False,C08_kokoku_gentei:2;C02_jicchi_kakunin:1;C09_keitai_teiji:1
404AC0000000070,自動車から排出される窒素酸化物及び粒子状物質の特定地域における総量の削減等に関する特別措置法,4,3,False,C03_shomen_kofu:2;C02_jicchi_kakunin:1;C09_keitai_teiji:1
411AC0000000112,家畜排せつ物の管理の適正化及び利用の促進に関する法律,4,3,False,C20_shozaichi_kankatsu:2;C02_jicchi_kakunin:1;C09_keitai_teiji:1
411AC1000000158,特定債務等の調整の促進のための特定調停に関する法律,4,3,False,C03_shomen_kofu:2;C01_taimen_shutto:1;C19_kaigitai_kaisai:1
412AC0000000036,アルコール事業法,4,3,False,C06_sonaeoki_etsuran:2;C02_jicchi_kakunin:1;C09_keitai_teiji:1
414AC0000000128,独立行政法人農林漁業信用基金法,4,3,False,C02_jicchi_kakunin:2;C09_keitai_teiji:1;C06_sonaeoki_etsuran:1
414AC0000000147,独立行政法人中小企業基盤整備機構法,4,3,False,C02_jicchi_kakunin:2;C12_taimen_koshu:1;C09_keitai_teiji:1
414AC0000000180,独立行政法人鉄道建設・運輸施設整備支援機構法,4,3,False,C18_jisan_madoguchi:2;C02_jicchi_kakunin:1;C09_keitai_teiji:1
417AC1000000124,高齢者虐待の防止、高齢者の養護者に対する支援等に関する法律,4,3,False,C02_jicchi_kakunin:2;C09_keitai_teiji:1;C20_shozaichi_kankatsu:1
419AC0000000032,武力紛争の際の文化財の保護に関する法律,4,3,False,C08_kokoku_gentei:2;C18_jisan_madoguchi:1;C22_techo_shohyo:1
426AC1000000127,空家等対策の推進に関する特別措置法,4,3,False,C09_keitai_teiji:2;C01_taimen_shutto:1;C18_jisan_madoguchi:1
427AC0000000042,水銀による環境の汚染の防止に関する法律,4,3,False,C02_jicchi_kakunin:2;C03_shomen_kofu:1;C09_keitai_teiji:1
502AC0000000032,地域における一般乗合旅客自動車運送事業及び銀行業に係る基盤的なサービスの提供の維持を図るための私的独占の禁止及び公正取引の確保に関する法律の特例に関する法律,4,3,False,C03_shomen_kofu:2;C01_taimen_shutto:1;C08_kokoku_gentei:1
502AC0000000037,特定高度情報通信技術活用システムの開発供給及び導入の促進に関する法律,4,3,True,C06_sonaeoki_etsuran:2;C02_jicchi_kakunin:1;C09_keitai_teiji:1
503AC0000000038,公的給付の支給等の迅速かつ確実な実施のための預貯金口座の登録等に関する法律,4,3,True,C13_baitai_shitei:2;C03_shomen_kofu:1;C14_yubin_sotatsu:1
505AC0000000025,特定受託事業者に係る取引の適正化等に関する法律,4,3,True,C02_jicchi_kakunin:2;C13_baitai_shitei:1;C09_keitai_teiji:1
506AC0000000061,食料供給困難事態対策法,4,3,True,C04_genpon_fukusuu:2;C02_jicchi_kakunin:1;C09_keitai_teiji:1
132AC0000000093,行旅病人及行旅死亡人取扱法,3,3,False,C06_sonaeoki_etsuran:1;C07_butsuri_keiji:1;C08_kokoku_gentei:1
323AC0000000039,軽犯罪法,3,3,False,C07_butsuri_keiji:1;C09_keitai_teiji:1;C22_techo_shohyo:1
323AC0000000174,港則法,3,3,False,C07_butsuri_keiji:1;C20_shozaichi_kankatsu:1;C02_jicchi_kakunin:1
324AC0000000148,教育職員免許法施行法,3,3,False,C18_jisan_madoguchi:1;C02_jicchi_kakunin:1;C12_taimen_koshu:1
324CO0000000311,外国政府の不動産に関する権利の取得に関する政令,3,3,False,C02_jicchi_kakunin:1;C09_keitai_teiji:1;C22_techo_shohyo:1
325AC0000000256,旧令による共済組合等からの年金受給者のための特別措置法,3,3,False,C16_inshi_genkin:1;C08_kokoku_gentei:1;C22_techo_shohyo:1
327AC0000000127,戦傷病者戦没者遺族等援護法,3,3,False,C19_kaigitai_kaisai:1;C17_keiyu_teishutsu:1;C16_inshi_genkin:1
327AC1000000005,企業合理化促進法,3,3,False,C02_jicchi_kakunin:1;C09_keitai_teiji:1;C22_techo_shohyo:1
328AC0000000001,外航船舶建造融資利子補給臨時措置法,3,3,False,C02_jicchi_kakunin:1;C09_keitai_teiji:1;C22_techo_shohyo:1
328AC0000000062,金管理法,3,3,False,C02_jicchi_kakunin:1;C09_keitai_teiji:1;C22_techo_shohyo:1
330AC1000000180,養蜂振興法,3,3,False,C20_shozaichi_kankatsu:1;C02_jicchi_kakunin:1;C09_keitai_teiji:1
333AC0000000138,電話加入権質に関する臨時特例法,3,3,False,C03_shomen_kofu:1;C23_kyotaku_hoshokin:1;C06_sonaeoki_etsuran:1
334AC0000000024,工場立地法,3,3,False,C02_jicchi_kakunin:1;C13_baitai_shitei:1;C06_sonaeoki_etsuran:1
334AC0000000136,自動車ターミナル法,3,3,False,C11_teiki_kensa:1;C02_jicchi_kakunin:1;C09_keitai_teiji:1
336AC0000000216,低開発地域工業開発促進法,3,3,False,C03_shomen_kofu:1;C08_kokoku_gentei:1;C20_shozaichi_kankatsu:1
336AC0100000103,酒に酔つて公衆に迷惑をかける行為の防止等に関する法律,3,3,False,C18_jisan_madoguchi:1;C20_shozaichi_kankatsu:1;C02_jicchi_kakunin:1
338AC0000000101,中小企業投資育成株式会社法,3,3,True,C13_baitai_shitei:1;C02_jicchi_kakunin:1;C09_keitai_teiji:1
338AC0000000147,中小企業支援法,3,3,True,C13_baitai_shitei:1;C02_jicchi_kakunin:1;C09_keitai_teiji:1
339AC0000000101,自家用自動車の一時輸入に関する通関条約の実施に伴う関税法等の特例に関する法律,3,3,False,C02_jicchi_kakunin:1;C09_keitai_teiji:1;C22_techo_shohyo:1
339AC0000000129,母子及び父子並びに寡婦福祉法,3,3,True,C20_shozaichi_kankatsu:1;C02_jicchi_kakunin:1;C09_keitai_teiji:1
340AC1000000064,山村振興法,3,3,True,C03_shomen_kofu:1;C08_kokoku_gentei:1;C09_keitai_teiji:1
341AC0000000073,地震保険に関する法律,3,3,False,C02_jicchi_kakunin:1;C09_keitai_teiji:1;C22_techo_shohyo:1
341AC0000000119,小型船造船業法,3,3,False,C10_jochu_sennin:1;C02_jicchi_kakunin:1;C09_keitai_teiji:1
342AC0000000110,公共用飛行場周辺における航空機騒音による障害の防止等に関する法律,3,3,False,C03_shomen_kofu:1;C17_keiyu_teishutsu:1;C20_shozaichi_kankatsu:1
343AC0000000098,騒音規制法,3,3,False,C02_jicchi_kakunin:1;C09_keitai_teiji:1;C20_shozaichi_kankatsu:1
346AC0000000077,公立の義務教育諸学校等の教育職員の給与等に関する特別措置法,3,3,False,C10_jochu_sennin:1;C12_taimen_koshu:1;C03_shomen_kofu:1
348AC0000000113,運輸安全委員会設置法,3,3,False,C01_taimen_shutto:1;C09_keitai_teiji:1;C22_techo_shohyo:1
348AC0000000121,国民生活安定緊急措置法,3,3,False,C06_sonaeoki_etsuran:1;C02_jicchi_kakunin:1;C09_keitai_teiji:1
348AC1000000100,水銀等による水産動植物の汚染に係る被害漁業者等に対する資金の融通に関する特別措置法,3,3,False,C18_jisan_madoguchi:1;C02_jicchi_kakunin:1;C09_keitai_teiji:1
351AC0000000064,振動規制法,3,3,False,C02_jicchi_kakunin:1;C09_keitai_teiji:1;C20_shozaichi_kankatsu:1
359AC0000000068,たばこ事業法,3,3,False,C07_butsuri_keiji:1;C02_jicchi_kakunin:1;C09_keitai_teiji:1
361AC0000000088,旅客鉄道株式会社及び日本貨物鉄道株式会社に関する法律,3,3,False,C25_kenmen_shoken:1;C02_jicchi_kakunin:1;C09_keitai_teiji:1
403AC0000000094,国際的な協力の下に規制薬物に係る不正行為を助長する行為等の防止を図るための麻薬及び向精神薬取締法等の特例等に関する法律,3,3,False,C21_buppin_hyoji:1;C14_yubin_sotatsu:1;C18_jisan_madoguchi:1
404AC0000000046,獣医療法,3,3,False,C20_shozaichi_kankatsu:1;C02_jicchi_kakunin:1;C09_keitai_teiji:1
404AC0000000088,地域伝統芸能等を活用した行事の実施による観光及び特定地域商工業の振興に関する法律,3,3,False,C20_shozaichi_kankatsu:1;C02_jicchi_kakunin:1;C09_keitai_teiji:1
406AC0000000009,特定水道利水障害の防止のための水道水源水域の水質の保全に関する特別措置法,3,3,False,C08_kokoku_gentei:1;C20_shozaichi_kankatsu:1;C02_jicchi_kakunin:1
407AC0100000088,緑の募金による森林整備等の推進に関する法律,3,3,False,C18_jisan_madoguchi:1;C02_jicchi_kakunin:1;C09_keitai_teiji:1
409AC0000000091,外国人観光旅客の来訪の促進等による国際観光の振興に関する法律,3,3,True,C11_teiki_kensa:1;C22_techo_shohyo:1;C06_sonaeoki_etsuran:1
410AC1000000130,金融庁設置法,3,3,False,C03_shomen_kofu:1;C12_taimen_koshu:1;C01_taimen_shutto:1
411AC0000000198,国立研究開発法人森林研究・整備機構法,3,3,False,C12_taimen_koshu:1;C02_jicchi_kakunin:1;C09_keitai_teiji:1
411AC1000000129,国家公務員倫理法,3,3,False,C25_kenmen_shoken:1;C06_sonaeoki_etsuran:1;C20_shozaichi_kankatsu:1
411AC1000000130,自衛隊員倫理法,3,3,False,C25_kenmen_shoken:1;C06_sonaeoki_etsuran:1;C20_shozaichi_kankatsu:1
414AC0000000123,独立行政法人国民生活センター法,3,3,False,C01_taimen_shutto:1;C03_shomen_kofu:1;C04_genpon_fukusuu:1
414AC0000000156,放送大学学園法,3,3,False,C01_taimen_shutto:1;C02_jicchi_kakunin:1;C09_keitai_teiji:1
415AC0000000124,成田国際空港株式会社法,3,3,False,C25_kenmen_shoken:1;C02_jicchi_kakunin:1;C09_keitai_teiji:1
416AC0000000099,高速道路株式会社法,3,3,False,C25_kenmen_shoken:1;C02_jicchi_kakunin:1;C09_keitai_teiji:1
418AC0000000078,法の適用に関する通則法,3,3,False,C18_jisan_madoguchi:1;C03_shomen_kofu:1;C05_oin_shomei:1
422AC0000000019,平成二十二年度等における子ども手当の支給に関する法律,3,3,False,C10_jochu_sennin:1;C09_keitai_teiji:1;C06_sonaeoki_etsuran:1
423AC0000000107,平成二十三年度における子ども手当の支給等に関する特別措置法,3,3,False,C10_jochu_sennin:1;C09_keitai_teiji:1;C06_sonaeoki_etsuran:1
425AC0000000061,大規模な災害の被災地における借地借家に関する特別措置法,3,3,True,C07_butsuri_keiji:1;C03_shomen_kofu:1;C13_baitai_shitei:1
425AC0000000067,民間の能力を活用した国管理空港等の運営等に関する法律,3,3,False,C09_keitai_teiji:1;C22_techo_shohyo:1;C02_jicchi_kakunin:1
428AC1000000073,国外犯罪被害弔慰金等の支給に関する法律,3,3,True,C17_keiyu_teishutsu:1;C20_shozaichi_kankatsu:1;C01_taimen_shutto:1
429AC0000000016,臨床研究法,3,3,True,C03_shomen_kofu:1;C02_jicchi_kakunin:1;C09_keitai_teiji:1
501AC1000000048,日本語教育の推進に関する法律,3,3,True,C12_taimen_koshu:1;C02_jicchi_kakunin:1;C06_sonaeoki_etsuran:1
502AC0000000025,新型コロナウイルス感染症等の影響に対応するための国税関係法律の臨時特例に関する法律,3,3,False,C18_jisan_madoguchi:1;C03_shomen_kofu:1;C16_inshi_genkin:1
503AC0000000039,預貯金者の意思に基づく個人番号の利用による預貯金口座の管理等に関する法律,3,3,True,C13_baitai_shitei:1;C02_jicchi_kakunin:1;C09_keitai_teiji:1
349AC1000000057,伝統的工芸品産業の振興に関する法律,12,2,False,C17_keiyu_teishutsu:11;C04_genpon_fukusuu:1
324AC0000000213,簡易郵便局法,10,2,False,C14_yubin_sotatsu:6;C16_inshi_genkin:4
362AC0000000064,刑事確定訴訟記録法,9,2,False,C06_sonaeoki_etsuran:7;C04_genpon_fukusuu:2
334AC0000000135,接収貴金属等の処理に関する法律,7,2,False,C03_shomen_kofu:5;C18_jisan_madoguchi:2
428AC1000000009,重要施設の周辺地域の上空における小型無人機等の飛行の禁止に関する法律,7,2,True,C08_kokoku_gentei:6;C09_keitai_teiji:1
323AC0000000142,印紙をもつてする歳入金納付に関する法律,6,2,False,C16_inshi_genkin:5;C14_yubin_sotatsu:1
337AC0000000100,建築物用地下水の採取の規制に関する法律,6,2,False,C02_jicchi_kakunin:4;C09_keitai_teiji:2
344AC0000000057,急傾斜地の崩壊による災害の防止に関する法律,6,2,False,C02_jicchi_kakunin:5;C09_keitai_teiji:1
359AC0000000034,地力増進法,6,2,False,C02_jicchi_kakunin:4;C09_keitai_teiji:2
359AC0000000072,たばこ税法,6,2,False,C03_shomen_kofu:4;C18_jisan_madoguchi:2
410AC0000000103,中央省庁等改革基本法,6,2,False,C04_genpon_fukusuu:4;C14_yubin_sotatsu:2
426AC1000000104,サイバーセキュリティ基本法,6,2,True,C13_baitai_shitei:3;C04_genpon_fukusuu:3
430AC0000000016,国際観光旅客税法,6,2,False,C03_shomen_kofu:4;C17_keiyu_teishutsu:2
430AC0000000035,森林経営管理法,6,2,True,C23_kyotaku_hoshokin:4;C03_shomen_kofu:2
210AC0000000057,公有水面埋立法,5,2,False,C23_kyotaku_hoshokin:3;C06_sonaeoki_etsuran:2
323AC0000000168,少年法,5,2,True,C06_sonaeoki_etsuran:4;C01_taimen_shutto:1
326AC0000000097,公共土木施設災害復旧事業費国庫負担法,5,2,False,C18_jisan_madoguchi:4;C02_jicchi_kakunin:1
328AC1000000169,鉄道軌道整備法,5,2,False,C03_shomen_kofu:3;C18_jisan_madoguchi:2
332AC0000000055,揮発油税法,5,2,False,C03_shomen_kofu:3;C18_jisan_madoguchi:2
334AC0000000165,連合国財産の返還等に伴う損失の処理等に関する法律,5,2,False,C18_jisan_madoguchi:3;C25_kenmen_shoken:2
337AC0000000104,家庭用品品質表示法,5,2,False,C02_jicchi_kakunin:3;C09_keitai_teiji:2
340AC0000000156,石油ガス税法,5,2,False,C03_shomen_kofu:3;C18_jisan_madoguchi:2
346AC0000000041,刑事訴訟費用等に関する法律,5,2,False,C01_taimen_shutto:4;C19_kaigitai_kaisai:1
353AC0000000025,石油石炭税法,5,2,False,C03_shomen_kofu:4;C18_jisan_madoguchi:1
356AC0000000072,本州四国連絡橋の建設に伴う一般旅客定期航路事業等に関する特別措置法,5,2,False,C22_techo_shohyo:4;C18_jisan_madoguchi:1
403AC0000000069,地価税法,5,2,False,C03_shomen_kofu:3;C06_sonaeoki_etsuran:2
426AC0000000057,重大な犯罪を防止し、及びこれと戦う上での協力の強化に関する日本国政府とアメリカ合衆国政府との間の協定の実施に関する法律,5,2,True,C13_baitai_shitei:4;C10_jochu_sennin:1
132AC0000000049,商法施行法,4,2,False,C25_kenmen_shoken:3;C23_kyotaku_hoshokin:1
306AC0000000015,抵当証券法,4,2,False,C04_genpon_fukusuu:3;C16_inshi_genkin:1
321AC0000000006,金融機関経理応急措置法,4,2,False,C03_shomen_kofu:3;C20_shozaichi_kankatsu:1
323AC0000000165,農業改良助長法,4,2,False,C18_jisan_madoguchi:3;C12_taimen_koshu:1
325AC0000000147,国籍法,4,2,False,C08_kokoku_gentei:3;C03_shomen_kofu:1
337AC0000000145,自動車の保管場所の確保等に関する法律,4,2,False,C03_shomen_kofu:3;C07_butsuri_keiji:1
353AC0000000078,仮登記担保契約に関する法律,4,2,False,C18_jisan_madoguchi:2;C23_kyotaku_hoshokin:2
403AC0000000002,湾岸地域における平和回復活動を支援するため平成二年度において緊急に講ずべき財政上の措置に必要な財源の確保に係る臨時措置に関する法律,4,2,False,C09_keitai_teiji:3;C05_oin_shomei:1
403AC0000000048,資源の有効な利用の促進に関する法律,4,2,False,C02_jicchi_kakunin:2;C09_keitai_teiji:2
410AC0000000091,大規模小売店舗立地法,4,2,False,C03_shomen_kofu:2;C06_sonaeoki_etsuran:2
410AC1000000063,スポーツ振興投票の実施等に関する法律,4,2,False,C25_kenmen_shoken:3;C18_jisan_madoguchi:1
414AC0000000190,金融機関等の組織再編成の促進に関する特別措置法,4,2,False,C01_taimen_shutto:2;C19_kaigitai_kaisai:2
416AC0000000105,年金積立金管理運用独立行政法人法,4,2,False,C01_taimen_shutto:3;C03_shomen_kofu:1
417AC0000000041,都市鉄道等利便増進法,4,2,False,C09_keitai_teiji:3;C02_jicchi_kakunin:1
420AC0000000033,中小企業における経営の承継の円滑化に関する法律,4,2,False,C03_shomen_kofu:3;C05_oin_shomei:1
420AC0000000068,国家公務員制度改革基本法,4,2,False,C04_genpon_fukusuu:3;C09_keitai_teiji:1
425AC0000000070,食品表示法,4,2,False,C02_jicchi_kakunin:3;C09_keitai_teiji:1
427AC0000000034,平成三十一年ラグビーワールドカップ大会特別措置法,4,2,False,C14_yubin_sotatsu:2;C10_jochu_sennin:2
428AC1000000103,官民データ活用推進基本法,4,2,True,C13_baitai_shitei:3;C05_oin_shomei:1
504AC0000000037,環境と調和のとれた食料システムの確立のための環境負荷低減事業活動の促進等に関する法律,4,2,False,C06_sonaeoki_etsuran:3;C03_shomen_kofu:1
507AC0000000053,人工知能関連技術の研究開発及び活用の推進に関する法律,4,2,True,C04_genpon_fukusuu:3;C13_baitai_shitei:1
141AC0000000050,水害予防組合法,3,2,False,C04_genpon_fukusuu:2;C02_jicchi_kakunin:1
308AC0000000021,農村負債整理組合法,3,2,False,C08_kokoku_gentei:2;C05_oin_shomei:1
321M30000100042,昭和二十一年厚生省令第四十二号（死産の届出に関する規程）,3,2,False,C03_shomen_kofu:2;C04_genpon_fukusuu:1
326AC0000000264,連合国財産補償法,3,2,False,C20_shozaichi_kankatsu:2;C01_taimen_shutto:1
326AC0000000289,旧外貨債処理法による借換済外貨債の証券の一部の有効化等に関する法律,3,2,False,C25_kenmen_shoken:2;C24_kuji_hassochakusho:1
326AC1000000212,日刊新聞紙の発行を目的とする株式会社の株式の譲渡の制限等に関する法律,3,2,False,C08_kokoku_gentei:2;C25_kenmen_shoken:1
326AC1000000228,産業教育振興法,3,2,False,C12_taimen_koshu:2;C18_jisan_madoguchi:1
326AC1000000239,信用金庫法施行法,3,2,False,C20_shozaichi_kankatsu:2;C04_genpon_fukusuu:1
327AC0000000043,ポツダム宣言の受諾に伴い発する命令に関する件に基く大蔵省関係諸命令の措置に関する法律,3,2,False,C23_kyotaku_hoshokin:2;C22_techo_shohyo:1
327AC1000000358,農山漁村電気導入促進法,3,2,False,C18_jisan_madoguchi:2;C17_keiyu_teishutsu:1
332AC0000000115,国の庁舎等の使用調整等に関する特別措置法,3,2,False,C02_jicchi_kakunin:2;C03_shomen_kofu:1
332AC1000000145,農業、水産、工業又は商船に係る産業教育に従事する公立の高等学校の教員及び実習助手に対する産業教育手当の支給に関する法律,3,2,False,C12_taimen_koshu:2;C10_jochu_sennin:1
333AC0000000109,証人等の被害についての給付に関する法律,3,2,False,C01_taimen_shutto:2;C03_shomen_kofu:1
337AC0000000153,地方公務員等共済組合法の長期給付等に関する施行法,3,2,False,C10_jochu_sennin:2;C02_jicchi_kakunin:1
344AC0000000079,小笠原諸島振興開発特別措置法,3,2,True,C07_butsuri_keiji:2;C09_keitai_teiji:1
346AC0000000032,農地所有者等賃貸住宅建設融資利子補給臨時措置法,3,2,False,C02_jicchi_kakunin:2;C09_keitai_teiji:1
348AC0000000048,生活関連物資等の買占め及び売惜しみに対する緊急措置に関する法律,3,2,False,C02_jicchi_kakunin:2;C09_keitai_teiji:1
348AC0000000101,中小小売商業振興法,3,2,False,C13_baitai_shitei:2;C03_shomen_kofu:1
349AC0000000049,沿岸漁場整備開発法,3,2,True,C03_shomen_kofu:2;C13_baitai_shitei:1
353AC0000000030,特許協力条約に基づく国際出願等に関する法律,3,2,False,C03_shomen_kofu:2;C04_genpon_fukusuu:1
358AC1000000056,医学及び歯学の教育のための献体に関する法律,3,2,False,C03_shomen_kofu:2;C18_jisan_madoguchi:1
361AC0000000087,日本国有鉄道改革法,3,2,False,C20_shozaichi_kankatsu:2;C09_keitai_teiji:1
403AC0000000057,中小企業における労働力の確保及び良好な雇用の機会の創出のための雇用管理の改善の促進に関する法律,3,2,False,C20_shozaichi_kankatsu:2;C02_jicchi_kakunin:1
404AC0000000015,法人特別税法,3,2,False,C09_keitai_teiji:2;C05_oin_shomei:1
404AC0000000086,看護師等の人材確保の促進に関する法律,3,2,False,C12_taimen_koshu:2;C20_shozaichi_kankatsu:1
407AC1000000133,接収刀剣類の処理に関する法律,3,2,False,C03_shomen_kofu:2;C08_kokoku_gentei:1
408AC0000000047,木材の安定供給の確保に関する特別措置法,3,2,False,C03_shomen_kofu:2;C20_shozaichi_kankatsu:1
410AC0000000053,特定公共電気通信システム開発関連技術に関する研究開発の推進に関する法律,3,2,False,C14_yubin_sotatsu:2;C09_keitai_teiji:1
410AC0000000137,一般会計における債務の承継等に伴い必要な財源の確保に係る特別措置に関する法律,3,2,False,C14_yubin_sotatsu:2;C09_keitai_teiji:1
411AC0000000152,後見登記等に関する法律,3,2,False,C13_baitai_shitei:2;C16_inshi_genkin:1
411AC0000000162,国立研究開発法人情報通信研究機構法,3,2,True,C18_jisan_madoguchi:2;C13_baitai_shitei:1
411AC0000000224,国と民間企業との間の人事交流に関する法律,3,2,False,C03_shomen_kofu:2;C10_jochu_sennin:1
412AC0000000146,ヒトに関するクローン技術等の規制に関する法律,3,2,False,C02_jicchi_kakunin:2;C09_keitai_teiji:1
412AC1000000148,原子力発電施設等立地地域の振興に関する特別措置法,3,2,False,C20_shozaichi_kankatsu:2;C08_kokoku_gentei:1
414AC0000000166,独立行政法人福祉医療機構法,3,2,False,C02_jicchi_kakunin:2;C09_keitai_teiji:1
414AC1000000049,身体障害者補助犬法,3,2,False,C09_keitai_teiji:2;C02_jicchi_kakunin:1
414AC1000000148,自然再生推進法,3,2,False,C04_genpon_fukusuu:2;C20_shozaichi_kankatsu:1
415AC0000000065,特殊開錠用具の所持の禁止等に関する法律,3,2,False,C09_keitai_teiji:2;C02_jicchi_kakunin:1
415AC0000000112,国立大学法人法,3,2,False,C20_shozaichi_kankatsu:2;C06_sonaeoki_etsuran:1
417AC0000000082,独立行政法人住宅金融支援機構法,3,2,False,C02_jicchi_kakunin:2;C09_keitai_teiji:1
420AC0000000087,長期優良住宅の普及の促進に関する法律,3,2,False,C18_jisan_madoguchi:2;C03_shomen_kofu:1
420AC0100000063,科学技術・イノベーション創出の活性化に関する法律,3,2,True,C18_jisan_madoguchi:2;C08_kokoku_gentei:1
421AC0000000026,米穀等の取引等に係る情報の記録及び産地情報の伝達に関する法律,3,2,False,C02_jicchi_kakunin:2;C09_keitai_teiji:1
423AC1000000078,スポーツ基本法,3,2,True,C12_taimen_koshu:2;C01_taimen_shutto:1
424AC0000000102,年金生活者支援給付金の支給に関する法律,3,2,False,C06_sonaeoki_etsuran:2;C09_keitai_teiji:1
425AC0000000075,海賊多発海域における日本船舶の警備に関する特別措置法,3,2,False,C09_keitai_teiji:2;C02_jicchi_kakunin:1
425AC0100000111,がん登録等の推進に関する法律,3,2,True,C13_baitai_shitei:2;C03_shomen_kofu:1
133AC0000000065,鉄道営業法,2,2,False,C09_keitai_teiji:1;C07_butsuri_keiji:1
202AC1000000016,運河法,2,2,False,C04_genpon_fukusuu:1;C10_jochu_sennin:1
215AC0000000062,民事訴訟法中改正法律施行法,2,2,False,C04_genpon_fukusuu:1;C14_yubin_sotatsu:1
312AC0000000025,森林保険法,2,2,False,C03_shomen_kofu:1;C16_inshi_genkin:1
322AC0000000226,消防組織法,2,2,False,C01_taimen_shutto:1;C04_genpon_fukusuu:1
322AC1000000085,国会職員法,2,2,False,C10_jochu_sennin:1;C20_shozaichi_kankatsu:1
323AC0000000121,日本学術会議法,2,2,False,C10_jochu_sennin:1;C20_shozaichi_kankatsu:1
323AC0100000156,母体保護法,2,2,False,C02_jicchi_kakunin:1;C12_taimen_koshu:1
324AC0000000140,司法試験法,2,2,False,C15_koto_yomikikase:1;C08_kokoku_gentei:1
324AC0000000196,土地改良法施行法,2,2,False,C01_taimen_shutto:1;C19_kaigitai_kaisai:1
324AC0000000257,旧軍関係債権の処理に関する法律,2,2,False,C08_kokoku_gentei:1;C03_shomen_kofu:1
325AC0000000205,国土形成計画法,2,2,False,C20_shozaichi_kankatsu:1;C17_keiyu_teishutsu:1
325AC0000000290,鉱業法施行法,2,2,False,C03_shomen_kofu:1;C23_kyotaku_hoshokin:1
326AC0100000220,土地収用法施行法,2,2,False,C06_sonaeoki_etsuran:1;C24_kuji_hassochakusho:1
326AC1000000181,官公庁施設の建設等に関する法律,2,2,False,C11_teiki_kensa:1;C02_jicchi_kakunin:1
326AC1000000285,博物館法,2,2,True,C12_taimen_koshu:1;C18_jisan_madoguchi:1
327AC0000000292,地方公営企業法,2,2,False,C19_kaigitai_kaisai:1;C20_shozaichi_kankatsu:1
327AC1000000286,法廷等の秩序維持に関する法律,2,2,False,C01_taimen_shutto:1;C14_yubin_sotatsu:1
327AC1000000356,飼料需給安定法,2,2,False,C09_keitai_teiji:1;C22_techo_shohyo:1
328AC0000000156,元南西諸島官公署職員等の身分、恩給等の特別措置に関する法律,2,2,False,C10_jochu_sennin:1;C17_keiyu_teishutsu:1
328AC1000000238,高等学校の定時制教育及び通信教育振興法,2,2,False,C10_jochu_sennin:1;C12_taimen_koshu:1
329AC0000000091,株式会社日本政策金融公庫が行う恩給担保金融に関する法律,2,2,False,C03_shomen_kofu:1;C18_jisan_madoguchi:1
330AC0100000125,女子教職員の出産に際しての補助教職員の確保に関する法律,2,2,False,C10_jochu_sennin:1;C12_taimen_koshu:1
331AC0000000086,万国著作権条約の実施に伴う著作権法の特例に関する法律,2,2,False,C23_kyotaku_hoshokin:1;C07_butsuri_keiji:1
332AC0000000035,特定多目的ダム法,2,2,False,C19_kaigitai_kaisai:1;C23_kyotaku_hoshokin:1
332AC0000000106,駐車場法,2,2,False,C02_jicchi_kakunin:1;C09_keitai_teiji:1
332AC1000000068,国土開発幹線自動車道建設法,2,2,False,C20_shozaichi_kankatsu:1;C01_taimen_shutto:1
333AC0000000081,義務教育諸学校等の施設費の国庫負担等に関する法律,2,2,False,C17_keiyu_teishutsu:1;C18_jisan_madoguchi:1
336AC0000000048,農業協同組合合併助成法,2,2,False,C19_kaigitai_kaisai:1;C10_jochu_sennin:1
336AC0000000162,北方地域旧漁業権者等に対する特別措置に関する法律,2,2,False,C02_jicchi_kakunin:1;C09_keitai_teiji:1
336AC0000000238,児童扶養手当法,2,2,False,C09_keitai_teiji:1;C06_sonaeoki_etsuran:1
338AC0000000056,森林組合合併助成法,2,2,False,C19_kaigitai_kaisai:1;C10_jochu_sennin:1
339AC0000000109,道路交通に関する条約の実施に伴う道路運送車両法の特例等に関する法律,2,2,False,C06_sonaeoki_etsuran:1;C18_jisan_madoguchi:1
339AC0000000134,特別児童扶養手当等の支給に関する法律,2,2,False,C09_keitai_teiji:1;C06_sonaeoki_etsuran:1
339AC0000000150,日本電気計器検定所法,2,2,False,C02_jicchi_kakunin:1;C09_keitai_teiji:1
341AC0000000109,戦傷病者等の妻に対する特別給付金支給法,2,2,False,C18_jisan_madoguchi:1;C16_inshi_genkin:1
341AC0000000132,労働施策の総合的な推進並びに労働者の雇用の安定及び職業生活の充実等に関する法律,2,2,False,C02_jicchi_kakunin:1;C09_keitai_teiji:1
342AC0000000114,引揚者等に対する特別交付金の支給に関する法律,2,2,False,C16_inshi_genkin:1;C18_jisan_madoguchi:1
343AC0000000083,小笠原諸島の復帰に伴う法令の適用の暫定措置等に関する法律,2,2,False,C20_shozaichi_kankatsu:1;C08_kokoku_gentei:1
344AC0000000085,失業保険法及び労働者災害補償保険法の一部を改正する法律及び労働保険の保険料の徴収等に関する法律の施行に伴う関係法律の整備等に関する法律,2,2,False,C03_shomen_kofu:1;C16_inshi_genkin:1
345AC0000000098,青少年の雇用の促進等に関する法律,2,2,False,C21_buppin_hyoji:1;C02_jicchi_kakunin:1
345AC0000000139,農用地の土壌の汚染防止等に関する法律,2,2,False,C02_jicchi_kakunin:1;C09_keitai_teiji:1
346AC0000000060,海洋水産資源開発促進法,2,2,True,C03_shomen_kofu:1;C13_baitai_shitei:1
346AC0000000091,悪臭防止法,2,2,False,C02_jicchi_kakunin:1;C09_keitai_teiji:1
346AC0000000112,農村地域への産業の導入の促進等に関する法律,2,2,False,C04_genpon_fukusuu:1;C17_keiyu_teishutsu:1
347AC0000000050,郵便切手類模造等取締法,2,2,False,C14_yubin_sotatsu:1;C22_techo_shohyo:1
348AC0000000007,財政融資資金の長期運用に対する特別措置に関する法律,2,2,True,C19_kaigitai_kaisai:1;C13_baitai_shitei:1
348AC0000000112,有害物質を含有する家庭用品の規制に関する法律,2,2,False,C02_jicchi_kakunin:1;C09_keitai_teiji:1
350AC1000000061,私立学校振興助成法,2,2,False,C01_taimen_shutto:1;C18_jisan_madoguchi:1
352AC0000000060,外国等による本邦外航船舶運航事業者に対する不利益な取扱いに対する特別措置に関する法律,2,2,False,C02_jicchi_kakunin:1;C09_keitai_teiji:1
353AC0000000004,決算調整資金に関する法律,2,2,True,C03_shomen_kofu:1;C13_baitai_shitei:1
355AC0000000036,犯罪被害者等給付金の支給等による犯罪被害者等の支援に関する法律,2,2,True,C20_shozaichi_kankatsu:1;C01_taimen_shutto:1
355AC0000000060,明日香村における歴史的風土の保存及び生活環境の整備等に関する特別措置法,2,2,False,C08_kokoku_gentei:1;C18_jisan_madoguchi:1
356AC0000000024,国際科学技術博覧会の準備及び運営のために必要な特別措置に関する法律,2,2,False,C14_yubin_sotatsu:1;C10_jochu_sennin:1
359AC0000000069,日本たばこ産業株式会社法,2,2,False,C02_jicchi_kakunin:1;C09_keitai_teiji:1
361AC0000000028,国際花と緑の博覧会の準備及び運営のために必要な特別措置に関する法律,2,2,False,C14_yubin_sotatsu:1;C10_jochu_sennin:1
361AC0000000076,日本国有鉄道の経営する事業の運営の改善のために昭和六十一年度において緊急に講ずべき特別措置に関する法律,2,2,False,C03_shomen_kofu:1;C22_techo_shohyo:1
362AC0000000023,地域雇用開発促進法,2,2,False,C12_taimen_koshu:1;C02_jicchi_kakunin:1
404AC0000000052,長野オリンピック冬季競技大会の準備及び運営のために必要な特別措置に関する法律,2,2,False,C14_yubin_sotatsu:1;C10_jochu_sennin:1
404AC0000000079,国際連合平和維持活動等に対する協力に関する法律,2,2,True,C04_genpon_fukusuu:1;C12_taimen_koshu:1
404AC1000000100,政治倫理の確立のための国会議員の資産等の公開等に関する法律,2,2,False,C25_kenmen_shoken:1;C06_sonaeoki_etsuran:1
407AC0000000014,被災市街地復興特別措置法,2,2,False,C09_keitai_teiji:1;C20_shozaichi_kankatsu:1
408AC0000000071,外国船舶製造事業者による船舶の不当廉価建造契約の防止に関する法律,2,2,False,C03_shomen_kofu:1;C18_jisan_madoguchi:1
409AC0000000118,平成十七年に開催される国際博覧会の準備及び運営のために必要な特別措置に関する法律,2,2,False,C14_yubin_sotatsu:1;C10_jochu_sennin:1
410AC0000000076,平成十四年ワールドカップサッカー大会特別措置法,2,2,False,C14_yubin_sotatsu:1;C10_jochu_sennin:1
410AC0100000066,被災者生活再建支援法,2,2,False,C20_shozaichi_kankatsu:1;C19_kaigitai_kaisai:1
411AC0000000018,中小企業等経営強化法,2,2,False,C03_shomen_kofu:1;C20_shozaichi_kankatsu:1
411AC0000000093,法務省設置法,2,2,False,C18_jisan_madoguchi:1;C23_kyotaku_hoshokin:1
411AC0000000100,国土交通省設置法,2,2,False,C22_techo_shohyo:1;C01_taimen_shutto:1
411AC0000000183,独立行政法人農林水産消費安全技術センター法,2,2,False,C02_jicchi_kakunin:1;C12_taimen_koshu:1
411AC0000000185,独立行政法人家畜改良センター法,2,2,False,C02_jicchi_kakunin:1;C12_taimen_koshu:1
411AC0000000199,国立研究開発法人水産研究・教育機構法,2,2,False,C02_jicchi_kakunin:1;C12_taimen_koshu:1
411AC0000000204,独立行政法人製品評価技術基盤機構法,2,2,False,C01_taimen_shutto:1;C02_jicchi_kakunin:1
411AC0000000218,独立行政法人自動車技術総合機構法,2,2,False,C02_jicchi_kakunin:1;C09_keitai_teiji:1
411AC0100000052,児童買春、児童ポルノに係る行為等の規制及び処罰並びに児童の保護等に関する法律,2,2,True,C13_baitai_shitei:1;C06_sonaeoki_etsuran:1
412AC0000000110,循環型社会形成推進基本法,2,2,False,C03_shomen_kofu:1;C18_jisan_madoguchi:1
412AC0000000127,公共工事の入札及び契約の適正化の促進に関する法律,2,2,True,C03_shomen_kofu:1;C07_butsuri_keiji:1
413AC0000000086,行政機関が行う政策の評価に関する法律,2,2,True,C02_jicchi_kakunin:1;C03_shomen_kofu:1
414AC0000000158,国立研究開発法人科学技術振興機構法,2,2,False,C06_sonaeoki_etsuran:1;C18_jisan_madoguchi:1
414AC0000000162,独立行政法人日本スポーツ振興センター法,2,2,False,C12_taimen_koshu:1;C18_jisan_madoguchi:1
414AC0000000165,独立行政法人高齢・障害・求職者雇用支援機構法,2,2,False,C02_jicchi_kakunin:1;C09_keitai_teiji:1
414AC0000000183,独立行政法人自動車事故対策機構法,2,2,False,C12_taimen_koshu:1;C06_sonaeoki_etsuran:1
414AC0000000188,東京地下鉄株式会社法,2,2,False,C02_jicchi_kakunin:1;C09_keitai_teiji:1
415AC0000000043,独立行政法人環境再生保全機構法,2,2,False,C02_jicchi_kakunin:1;C18_jisan_madoguchi:1
415AC0000000044,中間貯蔵・環境安全事業株式会社法,2,2,False,C02_jicchi_kakunin:1;C09_keitai_teiji:1
415AC0000000120,次世代育成支援対策推進法,2,2,False,C21_buppin_hyoji:1;C02_jicchi_kakunin:1
415AC1000000130,環境教育等による環境保全の取組の促進に関する法律,2,2,True,C09_keitai_teiji:1;C03_shomen_kofu:1
416AC0000000077,環境情報の提供の促進等による特定事業者等の環境に配慮した事業活動の促進に関する法律,2,2,True,C13_baitai_shitei:1;C06_sonaeoki_etsuran:1
416AC0000000102,日本道路公団等民営化関係法施行法,2,2,False,C19_kaigitai_kaisai:1;C14_yubin_sotatsu:1
416AC0000000128,金融機能の強化のための特別措置に関する法律,2,2,False,C03_shomen_kofu:1;C01_taimen_shutto:1
416AC1000000167,発達障害者支援法,2,2,False,C02_jicchi_kakunin:1;C09_keitai_teiji:1
417AC0000000032,日本アルコール産業株式会社法,2,2,False,C02_jicchi_kakunin:1;C09_keitai_teiji:1
419AC1000000131,厚生年金保険の保険給付及び保険料の納付の特例等に関する法律,2,2,True,C03_shomen_kofu:1;C09_keitai_teiji:1
420AC0000000040,地域における歴史的風致の維持及び向上に関する法律,2,2,False,C01_taimen_shutto:1;C20_shozaichi_kankatsu:1
420AC1000000080,オウム真理教犯罪被害者等を救済するための給付金の支給に関する法律,2,2,True,C20_shozaichi_kankatsu:1;C01_taimen_shutto:1
421AC0000000072,エネルギー供給事業者によるエネルギー源の環境適合利用及び化石エネルギー原料の有効な利用の促進に関する法律,2,2,False,C02_jicchi_kakunin:1;C09_keitai_teiji:1
421AC0000000076,沖縄科学技術大学院大学学園法,2,2,False,C02_jicchi_kakunin:1;C09_keitai_teiji:1
422AC0000000041,排他的経済水域及び大陸棚の保全及び利用の促進のための低潮線の保全及び拠点施設の整備等に関する法律,2,2,False,C02_jicchi_kakunin:1;C09_keitai_teiji:1
424AC0000000057,使用済小型電子機器等の再資源化の促進に関する法律,2,2,False,C02_jicchi_kakunin:1;C09_keitai_teiji:1
424AC0000000068,社会保障の安定財源の確保等を図る税制の抜本的な改革を行うための消費税法の一部を改正する等の法律,2,2,False,C12_taimen_koshu:1;C16_inshi_genkin:1
424AC1000000034,警察等が取り扱う死体の死因又は身元の調査等に関する法律,2,2,False,C01_taimen_shutto:1;C18_jisan_madoguchi:1
425AC0000000105,生活困窮者自立支援法,2,2,True,C09_keitai_teiji:1;C06_sonaeoki_etsuran:1
426AC0000000133,原子力損害の補完的な補償に関する条約の実施に伴う原子力損害賠償資金の補助等に関する法律,2,2,False,C02_jicchi_kakunin:1;C09_keitai_teiji:1
426AC1000000126,私事性的画像記録の提供等による被害の防止に関する法律,2,2,True,C06_sonaeoki_etsuran:1;C13_baitai_shitei:1
427AC0000000064,女性の職業生活における活躍の推進に関する法律,2,2,False,C21_buppin_hyoji:1;C02_jicchi_kakunin:1
428AC1000000012,戦没者の遺骨収集の推進に関する法律,2,2,False,C02_jicchi_kakunin:1;C09_keitai_teiji:1
430AC1000000103,特定興行入場券の不正転売の禁止等による興行入場券の適正な流通の確保に関する法律,2,2,False,C22_techo_shohyo:1;C25_kenmen_shoken:1
501AC0100000032,自殺対策の総合的かつ効果的な実施に資するための調査研究及びその成果の活用等の推進に関する法律,2,2,False,C02_jicchi_kakunin:1;C09_keitai_teiji:1
501AC0100000049,視覚障害者等の読書環境の整備の推進に関する法律,2,2,True,C13_baitai_shitei:1;C12_taimen_koshu:1
503AC0000000025,相続等により取得した土地所有権の国庫への帰属に関する法律,2,2,False,C02_jicchi_kakunin:1;C09_keitai_teiji:1
503AC0000000036,デジタル庁設置法,2,2,True,C05_oin_shomei:1;C08_kokoku_gentei:1
503AC1000000057,教育職員等による児童生徒性暴力等の防止等に関する法律,2,2,True,C12_taimen_koshu:1;C22_techo_shohyo:1
504AC1000000078,性をめぐる個人の尊厳が重んぜられる社会の形成に資するために性行為映像制作物への出演に係る被害の防止を図り及び出演者の救済に資するための出演契約等に関する特則等に関する法律,2,2,True,C13_baitai_shitei:1;C03_shomen_kofu:1
505AC1000000089,特定不法行為等に係る被害者の迅速かつ円滑な救済に資するための日本司法支援センターの業務の特例並びに宗教法人による財産の処分及び管理の特例に関する法律,2,2,True,C13_baitai_shitei:1;C06_sonaeoki_etsuran:1
506AC0000000039,風力発電設備の設置等による電波の伝搬障害を回避し電波を用いた自衛隊等の円滑かつ安全な活動を確保するための措置に関する法律,2,2,True,C06_sonaeoki_etsuran:1;C08_kokoku_gentei:1
132AC0000000015,供託法,17,1,False,C23_kyotaku_hoshokin:17
329AC0000000108,軍事郵便貯金等特別処理法,9,1,False,C14_yubin_sotatsu:9
324AC0000000259,国際観光事業の助成に関する法律,6,1,False,C18_jisan_madoguchi:6
333AC0000000193,国民健康保険法施行法,5,1,False,C22_techo_shohyo:5
336AC0000000188,公立高等学校の適正配置及び教職員定数の標準等に関する法律,5,1,False,C12_taimen_koshu:5
410AC0000000025,電子計算機を使用して作成する国税関係帳簿書類の保存方法等の特例に関する法律,5,1,True,C13_baitai_shitei:5
324AC0000000204,死体解剖保存法,4,1,False,C18_jisan_madoguchi:4
345AC0000000033,沖縄の弁護士資格者等に対する本邦の弁護士資格等の付与に関する特別措置法,4,1,False,C12_taimen_koshu:4
403AC0000000109,国家公務員の育児休業等に関する法律,4,1,False,C10_jochu_sennin:4
403AC1000000108,国会職員の育児休業等に関する法律,4,1,False,C10_jochu_sennin:4
321AC0000000056,大蔵省預金部等損失特別処理法,3,1,False,C14_yubin_sotatsu:3
322AC0000000111,昭和二十二年法律第百十一号（皇族の身分を離れた者及び皇族となつた者の戸籍に関する法律）,3,1,False,C03_shomen_kofu:3
322AC1000000081,議院に出頭する証人等の旅費及び日当に関する法律,3,1,False,C01_taimen_shutto:3
333AC0000000057,分収林特別措置法,3,1,False,C03_shomen_kofu:3
407AC1000000102,沖縄県における駐留軍用地跡地の有効かつ適切な利用の推進に関する特別措置法,3,1,False,C18_jisan_madoguchi:3
412AC0000000103,会社分割に伴う労働契約の承継等に関する法律,3,1,False,C03_shomen_kofu:3
413AC0000000119,司法制度改革推進法,3,1,False,C04_genpon_fukusuu:3
414AC0000000122,知的財産基本法,3,1,True,C04_genpon_fukusuu:3
414AC0000000159,独立行政法人日本学術振興会法,3,1,False,C18_jisan_madoguchi:3
419AC1000000033,海洋基本法,3,1,False,C04_genpon_fukusuu:3
420AC1000000043,宇宙基本法,3,1,True,C04_genpon_fukusuu:3
425AC0000000112,持続可能な社会保障制度の確立を図るための改革の推進に関する法律,3,1,True,C04_genpon_fukusuu:3
425AC1000000095,強くしなやかな国民生活の実現を図るための防災・減災等に資する国土強靱化基本法,3,1,False,C04_genpon_fukusuu:3
426AC0000000048,健康・医療戦略推進法,3,1,False,C04_genpon_fukusuu:3
426AC0000000136,まち・ひと・しごと創生法,3,1,False,C04_genpon_fukusuu:3
426AC0100000016,水循環基本法,3,1,False,C04_genpon_fukusuu:3
428AC1000000115,特定複合観光施設区域の整備の推進に関する法律,3,1,False,C04_genpon_fukusuu:3
430AC1000000074,ギャンブル等依存症対策基本法,3,1,True,C04_genpon_fukusuu:3
503AC1000000079,災害時等における船舶を活用した医療提供体制の整備の推進に関する法律,3,1,True,C04_genpon_fukusuu:3
505AC0000000045,孤独・孤立対策推進法,3,1,False,C04_genpon_fukusuu:3
505AC1000000065,共生社会の実現を推進するための認知症基本法,3,1,True,C04_genpon_fukusuu:3
507AC0000000042,重要電子計算機に対する不正な行為による被害の防止に関する法律,3,1,True,C13_baitai_shitei:3
131AC0000000014,外国法人の登記及び夫婦財産契約の登記に関する法律,2,1,False,C20_shozaichi_kankatsu:2
138AC0000000063,外国裁判所ノ嘱託ニ因ル共助法,2,1,False,C14_yubin_sotatsu:2
327AC0000000111,日本国とアメリカ合衆国との間の相互協力及び安全保障条約第六条に基づく施設及び区域並びに日本国における合衆国軍隊の地位に関する協定の実施に伴う所得税法等の臨時特例に関する法律,2,1,False,C16_inshi_genkin:2
327AC0000000113,日本国とアメリカ合衆国との間の相互協力及び安全保障条約第六条に基づく施設及び区域並びに日本国における合衆国軍隊の地位に関する協定の実施に伴う国税通則法等の臨時特例に関する法律,2,1,False,C02_jicchi_kakunin:2
328AC0000000236,国の援助等を必要とする帰国者に関する領事官の職務等に関する法律,2,1,False,C20_shozaichi_kankatsu:2
329AC0000000149,日本国における国際連合の軍隊の地位に関する協定の実施に伴う所得税法等の臨時特例に関する法律,2,1,False,C16_inshi_genkin:2
333AC0000000056,学校保健安全法,2,1,False,C11_teiki_kensa:2
333AC0000000116,公立義務教育諸学校の学級編制及び教職員定数の標準に関する法律,2,1,False,C12_taimen_koshu:2
338AC0000000081,共同溝の整備等に関する特別措置法,2,1,False,C03_shomen_kofu:2
338AC0000000126,商業登記法の施行に伴う関係法令の整理等に関する法律,2,1,False,C23_kyotaku_hoshokin:2
340AC0000000137,理学療法士及び作業療法士法,2,1,False,C22_techo_shohyo:2
341AC0000000114,首都圏、近畿圏及び中部圏の近郊整備地帯等の整備のための国の財政上の特別措置に関する法律,2,1,False,C18_jisan_madoguchi:2
346AC0000000064,視能訓練士法,2,1,False,C22_techo_shohyo:2
347AC1000000107,飛鳥地方における歴史的風土及び文化財の保存等に必要な資金に充てるための寄附金つき郵便葉書等の発行の特例に関する法律,2,1,False,C14_yubin_sotatsu:2
347AC1000000132,防災のための集団移転促進事業に係る国の財政上の特別措置等に関する法律,2,1,False,C17_keiyu_teishutsu:2
352AC0000000074,中小企業の事業活動の機会の確保のための大企業者の事業活動の調整に関する法律,2,1,False,C17_keiyu_teishutsu:2
354AC0000000025,沿岸漁業改善資金助成法,2,1,False,C02_jicchi_kakunin:2
357AC1000000085,北方領土問題等の解決の促進のための特別措置に関する法律,2,1,False,C18_jisan_madoguchi:2
361AC0000000071,国家安全保障会議設置法,2,1,False,C01_taimen_shutto:2
401AC0000000058,特定農地貸付けに関する農地法等の特例に関する法律,2,1,False,C20_shozaichi_kankatsu:2
401AC0000000065,特定農産加工業経営改善等臨時措置法,2,1,False,C20_shozaichi_kankatsu:2
402AC0000000044,市民農園整備促進法,2,1,False,C20_shozaichi_kankatsu:2
403AC0000000110,地方公務員の育児休業等に関する法律,2,1,False,C10_jochu_sennin:2
404AC0000000084,少年の保護事件に係る補償に関する法律,2,1,False,C22_techo_shohyo:2
404AC1000000109,国会等の移転に関する法律,2,1,False,C02_jicchi_kakunin:2
409AC0000000124,介護保険法施行法,2,1,False,C01_taimen_shutto:2
410AC0000000099,美術品の美術館における公開の促進に関する法律,2,1,False,C18_jisan_madoguchi:2
412AC0000000095,農水産業協同組合の再生手続の特例等に関する法律,2,1,False,C06_sonaeoki_etsuran:2
413AC0000000095,電子消費者契約に関する民法の特例に関する法律,2,1,True,C13_baitai_shitei:2
415AC1000000002,平成十四年度の水田農業経営確立助成補助金等についての所得税及び法人税の臨時特例に関する法律,2,1,False,C18_jisan_madoguchi:2
416AC0000000135,国立研究開発法人医薬基盤・健康・栄養研究所法,2,1,False,C18_jisan_madoguchi:2
416AC1000000002,平成十五年度の水田農業経営確立助成補助金等についての所得税及び法人税の臨時特例に関する法律,2,1,False,C18_jisan_madoguchi:2
417AC0000000085,物資の流通の効率化に関する法律,2,1,False,C18_jisan_madoguchi:2
417AC1000000002,平成十六年度の水田農業構造改革交付金等についての所得税及び法人税の臨時特例に関する法律,2,1,False,C18_jisan_madoguchi:2
418AC1000000006,平成十七年度の水田農業構造改革交付金等についての所得税及び法人税の臨時特例に関する法律,2,1,False,C18_jisan_madoguchi:2
419AC0000000045,国家公務員の自己啓発等休業に関する法律,2,1,False,C10_jochu_sennin:2
419AC0000000052,広域的地域活性化のための基盤整備に関する法律,2,1,False,C09_keitai_teiji:2
419AC0000000067,駐留軍等の再編の円滑な実施に関する特別措置法,2,1,False,C08_kokoku_gentei:2
419AC1000000002,平成十八年度の水田農業構造改革交付金等についての所得税及び法人税の臨時特例に関する法律,2,1,False,C18_jisan_madoguchi:2
422AC1000000049,平成二十二年四月以降において発生が確認された口蹄疫に起因して生じた事態に対処するための手当金等についての個人の道府県民税及び市町村民税の臨時特例に関する法律,2,1,False,C18_jisan_madoguchi:2
422AC1000000050,平成二十二年四月以降において発生が確認された口蹄疫に起因して生じた事態に対処するための手当金等についての所得税及び法人税の臨時特例に関する法律,2,1,False,C18_jisan_madoguchi:2
423AC0000000044,東日本大震災に伴う海区漁業調整委員会及び農業委員会の委員の選挙の臨時特例に関する法律,2,1,False,C06_sonaeoki_etsuran:2
423AC0000000098,東日本大震災における原子力発電所の事故による災害に対処するための避難住民に係る事務処理の特例及び住所移転者に係る措置に関する法律,2,1,False,C17_keiyu_teishutsu:2
424AC0000000052,特定タンカーに係る特定賠償義務履行担保契約等に関する特別措置法,2,1,False,C18_jisan_madoguchi:2
425AC1000000088,首都直下地震対策特別措置法,2,1,False,C03_shomen_kofu:2
427AC0000000077,国際平和共同対処事態に際して我が国が実施する諸外国の軍隊等に対する協力支援活動等に関する法律,2,1,False,C19_kaigitai_kaisai:2
501AC1000000055,ハンセン病元患者家族に対する補償金の支給等に関する法律,2,1,True,C01_taimen_shutto:2
503AC0000000032,取引デジタルプラットフォームを利用する消費者の利益の保護に関する法律,2,1,True,C13_baitai_shitei:2
503AC0000000035,デジタル社会形成基本法,2,1,True,C13_baitai_shitei:2
503AC0000000084,重要施設周辺及び国境離島等における土地等の利用状況の調査及び利用の規制等に関する法律,2,1,False,C08_kokoku_gentei:2
130AC0000000029,砂防法,1,1,False,C23_kyotaku_hoshokin:1
132AC0000000050,明治三十二年法律第五十号（外国人ノ署名捺印及無資力証明ニ関スル法律）,1,1,False,C05_oin_shomei:1
132AC0000000095,水難救護法,1,1,False,C14_yubin_sotatsu:1
139AC0000000034,明治三十九年法律第三十四号（国債ニ関スル法律）,1,1,False,C18_jisan_madoguchi:1
142AC0000000022,明治四十二年法律第二十二号（立木ニ関スル法律）,1,1,False,C23_kyotaku_hoshokin:1
205AC0000000010,大正五年法律第十号（証券ヲ以テスル歳入納付ニ関スル法律）,1,1,False,C16_inshi_genkin:1
205AC0000000020,海底電信線保護万国連合条約罰則,1,1,False,C09_keitai_teiji:1
211AC0000000062,公益信託ニ関スル法律,1,1,False,C23_kyotaku_hoshokin:1
212AC0000000048,恩給法,1,1,False,C14_yubin_sotatsu:1
313AC0000000071,陸上交通事業調整法,1,1,False,C23_kyotaku_hoshokin:1
321AC0000000024,昭和二十一年法律第二十四号（法人に対する政府の財政援助の制限に関する法律）,1,1,False,C18_jisan_madoguchi:1
321IO0000000118,物価統制令,1,1,False,C02_jicchi_kakunin:1
322AC0000000003,皇室典範,1,1,False,C01_taimen_shutto:1
322AC0000000013,請願法,1,1,False,C03_shomen_kofu:1
322AC0000000020,恩赦法,1,1,False,C04_genpon_fukusuu:1
322AC0000000042,昭和二十二年法律第四十二号（公債金特別会計法外四法律の廃止等に関する法律）,1,1,False,C19_kaigitai_kaisai:1
322AC0000000060,裁判所法施行法,1,1,False,C20_shozaichi_kankatsu:1
322AC0000000061,検察庁法,1,1,False,C20_shozaichi_kankatsu:1
322AC0000000072,昭和二十二年法律第七十二号（日本国憲法施行の際現に効力を有する命令の規定の効力等に関する法律）,1,1,False,C21_buppin_hyoji:1
322AC0000000109,昭和二十二年法律第百九号（生命保険中央会及び損害保険中央会の保険業務に関する権利義務の承継等に関する法律）,1,1,False,C16_inshi_genkin:1
322AC0000000189,印紙等模造取締法,1,1,False,C16_inshi_genkin:1
322AC0000000245,栄養士法,1,1,False,C22_techo_shohyo:1
322AC1000000080,国会議員の歳費、旅費及び手当等に関する法律,1,1,False,C18_jisan_madoguchi:1
323AC0000000068,予防接種法,1,1,True,C06_sonaeoki_etsuran:1
323AC0000000080,減額社債に対する措置等に関する法律,1,1,False,C03_shomen_kofu:1
323AC0000000120,国家行政組織法,1,1,True,C08_kokoku_gentei:1
323AC0000000198,民生委員法,1,1,False,C01_taimen_shutto:1
323AC0000000257,行政執行法人の労働関係に関する法律,1,1,False,C09_keitai_teiji:1
323AC1000000006,国立国会図書館建築委員会法,1,1,False,C17_keiyu_teishutsu:1
323AC1000000178,国民の祝日に関する法律,1,1,False,C20_shozaichi_kankatsu:1
324AC0000000173,在外公館等借入金の確認に関する法律,1,1,False,C02_jicchi_kakunin:1
324AC0000000266,警察用電話等の処理に関する法律,1,1,False,C01_taimen_shutto:1
324AC1000000101,国立国会図書館法の規定により行政各部門に置かれる支部図書館及びその職員に関する法律,1,1,False,C10_jochu_sennin:1
324AC1000000200,国家公務員の寒冷地手当に関する法律,1,1,False,C10_jochu_sennin:1
325AC0000000047,社会保険医療協議会法,1,1,False,C03_shomen_kofu:1
325AC0000000105,日本政府在外事務所設置法,1,1,False,C03_shomen_kofu:1
325AC0000000169,農林水産業施設災害復旧事業費国庫補助の暫定措置に関する法律,1,1,False,C18_jisan_madoguchi:1
325AC0000000264,中小企業信用保険法,1,1,False,C20_shozaichi_kankatsu:1
325AC1000000095,一般職の職員の給与に関する法律,1,1,False,C22_techo_shohyo:1
325CO0000000369,閉鎖機関の引当財産の管理に関する政令,1,1,False,C18_jisan_madoguchi:1
326AC0000000100,財政融資資金法,1,1,False,C19_kaigitai_kaisai:1
326AC0000000186,道路運送車両法施行法,1,1,False,C22_techo_shohyo:1
326AC0000000187,自動車抵当法,1,1,False,C23_kyotaku_hoshokin:1
326CO0000000040,朝鮮総督府交通局共済組合の本邦内にある財産の整理に関する政令,1,1,False,C08_kokoku_gentei:1
327AC0000000119,日本国とアメリカ合衆国との間の相互協力及び安全保障条約第六条に基づく施設及び区域並びに日本国における合衆国軍隊の地位に関する協定の実施に伴う地方税法の臨時特例に関する法律,1,1,False,C21_buppin_hyoji:1
327AC0000000126,ポツダム宣言の受諾に伴い発する命令に関する件に基く外務省関係諸命令の措置に関する法律,1,1,False,C21_buppin_hyoji:1
327AC0000000219,国有財産特別措置法,1,1,False,C09_keitai_teiji:1
327AC0000000230,農地法施行法,1,1,False,C18_jisan_madoguchi:1
327AC0000000241,公安調査庁設置法,1,1,False,C10_jochu_sennin:1
328AC0000000051,国際復興開発銀行等からの外資の受入に関する特別措置に関する法律,1,1,False,C19_kaigitai_kaisai:1
328AC0000000066,航空機抵当法,1,1,False,C23_kyotaku_hoshokin:1
328AC0000000161,未帰還者留守家族等援護法,1,1,False,C16_inshi_genkin:1
328AC0000000170,港湾整備促進法,1,1,False,C20_shozaichi_kankatsu:1
328AC0000000200,一般財団法人日本遺族会に対する国有財産の無償貸付け等に関する法律,1,1,False,C03_shomen_kofu:1
328AC0000000267,奄美群島の復帰に伴う法令の適用の暫定措置等に関する法律,1,1,False,C16_inshi_genkin:1
328AC1000000052,国会における各会派に対する立法事務費の交付に関する法律,1,1,False,C18_jisan_madoguchi:1
328AC1000000072,離島振興法,1,1,True,C18_jisan_madoguchi:1
328AC1000000185,学校図書館法,1,1,False,C12_taimen_koshu:1
328AC1000000186,理科教育振興法,1,1,False,C18_jisan_madoguchi:1
328AC1000000224,財団法人労働科学研究所に対する国有財産の譲与に関する法律,1,1,False,C06_sonaeoki_etsuran:1
329AC0000000064,刑事訴訟法第百九十四条に基く懲戒処分に関する法律,1,1,False,C03_shomen_kofu:1
329AC0000000097,建設機械抵当法,1,1,False,C23_kyotaku_hoshokin:1
329AC0000000110,株式会社以外の法人の再評価積立金の資本組入に関する法律,1,1,False,C03_shomen_kofu:1
329AC0000000112,日本国とアメリカ合衆国との間の相互防衛援助協定の実施に伴う関税法等の臨時特例に関する法律,1,1,False,C18_jisan_madoguchi:1
329AC0000000120,土地区画整理法施行法,1,1,False,C19_kaigitai_kaisai:1
329AC0000000143,へき地教育振興法,1,1,False,C18_jisan_madoguchi:1
329AC0000000144,特別支援学校への就学奨励に関する法律,1,1,False,C18_jisan_madoguchi:1
329AC0000000160,学校給食法,1,1,False,C18_jisan_madoguchi:1
330AC0000000113,地方揮発油譲与税法,1,1,False,C17_keiyu_teishutsu:1
330AC0000000188,原子力委員会設置法,1,1,False,C01_taimen_shutto:1
330AC1000000085,教育公務員特例法附則第二条の規定の適用を受ける公立学校職員等について学校看護婦としての在職を準教育職員としての在職とみなすことに関する法律,1,1,False,C10_jochu_sennin:1
331AC0000000027,日本学士院法,1,1,False,C20_shozaichi_kankatsu:1
331AC0000000082,国有資産等所在市町村交付金法,1,1,False,C06_sonaeoki_etsuran:1
331AC1000000072,積雪寒冷特別地域における道路交通の確保に関する特別措置法,1,1,False,C08_kokoku_gentei:1
332AC0000000109,引揚者給付金等支給法,1,1,False,C16_inshi_genkin:1
332AC0000000135,準備預金制度に関する法律,1,1,False,C25_kenmen_shoken:1
333AC0100000147,調理師法,1,1,False,C22_techo_shohyo:1
333AC1000000158,駐留軍関係離職者等臨時措置法,1,1,False,C12_taimen_koshu:1
334AC1000000007,未帰還者に関する特別措置法,1,1,False,C16_inshi_genkin:1
335AC0000000037,知的障害者福祉法,1,1,False,C06_sonaeoki_etsuran:1
336AC0000000112,後進地域の開発に関する公共事業に係る国の負担割合の特例に関する法律,1,1,False,C18_jisan_madoguchi:1
336AC0000000138,オリンピック東京大会の準備等のために必要な特別措置に関する法律,1,1,False,C10_jochu_sennin:1
336AC0000000148,原子力損害賠償補償契約に関する法律,1,1,False,C02_jicchi_kakunin:1
336AC0000000217,水資源開発促進法,1,1,False,C01_taimen_shutto:1
338AC0000000061,戦没者等の妻に対する特別給付金支給法,1,1,False,C16_inshi_genkin:1
338AC0000000063,外貨公債の発行に関する法律,1,1,False,C19_kaigitai_kaisai:1
338AC0000000154,中小企業基本法,1,1,True,C03_shomen_kofu:1
339AC0000000106,大規模な公有水面の埋立てに伴う村の設置に係る地方自治法等の特例に関する法律,1,1,False,C19_kaigitai_kaisai:1
339AC0000000161,森林・林業基本法,1,1,False,C03_shomen_kofu:1
340AC0000000100,戦没者等の遺族に対する特別弔慰金支給法,1,1,False,C16_inshi_genkin:1
340AC0000000102,小規模企業共済法,1,1,False,C14_yubin_sotatsu:1
340AC0000000141,母子保健法,1,1,True,C22_techo_shohyo:1
340AC1000000118,地方公共団体の議会の解散に関する特例法,1,1,False,C01_taimen_shutto:1
341AC0000000105,日本万国博覧会の準備及び運営のために必要な特別措置に関する法律,1,1,False,C10_jochu_sennin:1
341AC1000000102,中部圏開発整備法,1,1,False,C19_kaigitai_kaisai:1
341AC1000000115,製菓衛生師法,1,1,False,C22_techo_shohyo:1
342AC0000000057,戦没者の父母等に対する特別給付金支給法,1,1,False,C16_inshi_genkin:1
342AC0000000060,外国人漁業の規制に関する法律,1,1,False,C02_jicchi_kakunin:1
342AC0000000075,土地収用法の一部を改正する法律施行法,1,1,False,C06_sonaeoki_etsuran:1
342AC0000000078,漁業協同組合合併促進法,1,1,False,C19_kaigitai_kaisai:1
342AC0000000086,札幌オリンピック冬季大会の準備等のために必要な特別措置に関する法律,1,1,False,C10_jochu_sennin:1
343AC0000000101,都市計画法施行法,1,1,False,C06_sonaeoki_etsuran:1
344AC0000000052,漁業近代化資金融通法,1,1,False,C20_shozaichi_kankatsu:1
345AC0000000112,航空機内で行なわれた犯罪その他ある種の行為に関する条約第十三条の規定の実施に関する法律,1,1,False,C18_jisan_madoguchi:1
345AC0000000145,受託中小企業振興法,1,1,False,C13_baitai_shitei:1
345AC1000000084,障害者基本法,1,1,True,C13_baitai_shitei:1
346AC0000000042,民事訴訟費用等に関する法律及び刑事訴訟費用等に関する法律施行法,1,1,False,C16_inshi_genkin:1
346AC0000000090,自動車重量譲与税法,1,1,False,C17_keiyu_teishutsu:1
346AC0000000108,国有林野の活用に関する法律,1,1,False,C02_jicchi_kakunin:1
347AC0000000013,航空機燃料譲与税法,1,1,False,C17_keiyu_teishutsu:1
347AC0000000024,沖縄国際海洋博覧会の準備及び運営のために必要な特別措置に関する法律,1,1,False,C10_jochu_sennin:1
347AC0000000052,公害等調整委員会設置法,1,1,False,C17_keiyu_teishutsu:1
347AC0000000113,雇用の分野における男女の均等な機会及び待遇の確保等に関する法律,1,1,False,C01_taimen_shutto:1
347AC0000000115,海上交通安全法,1,1,False,C02_jicchi_kakunin:1
348AC0100000082,災害弔慰金の支給等に関する法律,1,1,False,C06_sonaeoki_etsuran:1
348AC1000000061,活動火山対策特別措置法,1,1,True,C02_jicchi_kakunin:1
349AC0000000079,電源開発促進税法,1,1,False,C03_shomen_kofu:1
350AC0000000089,昭和五十年度の公債の発行の特例に関する法律,1,1,False,C16_inshi_genkin:1
351AC0000000043,漁業経営の改善及び再建整備に関する特別措置法,1,1,False,C20_shozaichi_kankatsu:1
352AC0000000084,中小企業倒産防止共済法,1,1,False,C14_yubin_sotatsu:1
356AC0000000039,財政運営に必要な財源の確保を図るための特別措置に関する法律,1,1,False,C16_inshi_genkin:1
356AC0000000093,行政改革を推進するため当面講ずべき措置の一環としての国の補助金等の縮減その他の臨時の特例措置に関する法律,1,1,False,C22_techo_shohyo:1
358AC0000000045,昭和五十八年度の財政運営に必要な財源の確保を図るための特別措置に関する法律,1,1,False,C16_inshi_genkin:1
360AC0000000033,電子情報処理組織による登記事務処理の円滑化のための措置等に関する法律,1,1,True,C16_inshi_genkin:1
362AC0000000063,集落地域整備法,1,1,False,C06_sonaeoki_etsuran:1
362AC0100000115,公文書館法,1,1,False,C06_sonaeoki_etsuran:1
363AC0000000031,特定弔慰金等の支給の実施に関する法律,1,1,False,C18_jisan_madoguchi:1
363AC0000000047,大都市地域における優良宅地開発の促進に関する緊急措置法,1,1,False,C17_keiyu_teishutsu:1
363AC0000000107,税制改革法,1,1,False,C16_inshi_genkin:1
363AC1000000090,国会議事堂等周辺地域及び外国公館等周辺地域の静穏の保持に関する法律,1,1,False,C08_kokoku_gentei:1
401AC0000000084,土地基本法,1,1,False,C03_shomen_kofu:1
402AC0000000055,スパイクタイヤ粉じんの発生の防止に関する法律,1,1,False,C08_kokoku_gentei:1
402AC1000000049,国会議員の秘書の給与等に関する法律,1,1,False,C03_shomen_kofu:1
404AC0000000076,地方拠点都市地域の整備及び産業業務施設の再配置の促進に関する法律,1,1,False,C09_keitai_teiji:1
404AC0000000090,労働時間等の設定の改善に関する特別措置法,1,1,False,C03_shomen_kofu:1
405AC0000000072,特定農山村地域における農林業等の活性化のための基盤整備の促進に関する法律,1,1,False,C20_shozaichi_kankatsu:1
405AC0000000076,短時間労働者及び有期雇用労働者の雇用管理の改善等に関する法律,1,1,False,C07_butsuri_keiji:1
405AC0000000091,環境基本法,1,1,True,C03_shomen_kofu:1
406AC0000000003,衆議院議員選挙区画定審議会設置法,1,1,False,C08_kokoku_gentei:1
406AC0000000033,一般職の職員の勤務時間、休暇等に関する法律,1,1,False,C20_shozaichi_kankatsu:1
406AC0000000079,国際会議等の誘致の促進及び開催の円滑化等による国際観光の振興に関する法律,1,1,False,C12_taimen_koshu:1
407AC0000000078,サリン等による人身被害の防止に関する法律,1,1,False,C02_jicchi_kakunin:1
407AC0100000129,高齢社会対策基本法,1,1,True,C03_shomen_kofu:1
408AC0000000085,特定非常災害の被害者の権利利益の保全等を図るための特別措置に関する法律,1,1,True,C03_shomen_kofu:1
409AC0000000065,一般職の任期付研究員の採用、給与及び勤務時間の特例に関する法律,1,1,False,C10_jochu_sennin:1
409AC0000000082,大学の教員等の任期に関する法律,1,1,False,C10_jochu_sennin:1
409AC0000000109,財政構造改革の推進に関する特別措置法,1,1,False,C16_inshi_genkin:1
410AC1000000034,土地の再評価に関する法律,1,1,False,C03_shomen_kofu:1
410AC1000000143,金融機能の早期健全化のための緊急措置に関する法律,1,1,False,C20_shozaichi_kankatsu:1
410AC1000000151,破綻金融機関等の融資先である中堅事業者に係る信用保険の特例に関する臨時措置法,1,1,False,C20_shozaichi_kankatsu:1
411AC0000000017,地方特例交付金等の地方財政の特別措置に関する法律,1,1,False,C18_jisan_madoguchi:1
411AC0000000032,金融業者の貸付業務のための社債の発行等に関する法律,1,1,False,C06_sonaeoki_etsuran:1
411AC0000000060,重要影響事態に際して我が国の平和及び安全を確保するための措置に関する法律,1,1,True,C19_kaigitai_kaisai:1
411AC0000000078,男女共同参画社会基本法,1,1,False,C03_shomen_kofu:1
411AC0000000094,外務省設置法,1,1,False,C20_shozaichi_kankatsu:1
411AC0000000096,文部科学省設置法,1,1,False,C12_taimen_koshu:1
411AC0000000097,厚生労働省設置法,1,1,False,C12_taimen_koshu:1
411AC0000000150,任意後見契約に関する法律,1,1,False,C03_shomen_kofu:1
411AC0000000164,独立行政法人酒類総合研究所法,1,1,False,C12_taimen_koshu:1
411AC0000000197,国立研究開発法人国際農林水産業研究センター法,1,1,False,C12_taimen_koshu:1
411AC0000000201,独立行政法人工業所有権情報・研修館法,1,1,False,C06_sonaeoki_etsuran:1
411AC0000000203,国立研究開発法人産業技術総合研究所法,1,1,False,C02_jicchi_kakunin:1
411AC0000000214,独立行政法人海技教育機構法,1,1,False,C12_taimen_koshu:1
411AC0100000079,国立公文書館法,1,1,False,C02_jicchi_kakunin:1
411AC1000000126,政治倫理の確立のための仮名による株取引等の禁止に関する法律,1,1,False,C25_kenmen_shoken:1
412AC0000000050,公益的法人等への一般職の地方公務員の派遣等に関する法律,1,1,False,C10_jochu_sennin:1
412AC0000000051,地方公共団体の一般職の任期付研究員の採用等に関する法律,1,1,False,C03_shomen_kofu:1
412AC0000000125,一般職の任期付職員の採用及び給与の特例に関する法律,1,1,False,C10_jochu_sennin:1
412AC0000000145,重要影響事態等に際して実施する船舶検査活動に関する法律,1,1,False,C19_kaigitai_kaisai:1
413AC0000000044,通信・放送融合技術の開発の促進に関する法律,1,1,True,C13_baitai_shitei:1
413AC0000000089,水産基本法,1,1,False,C03_shomen_kofu:1
413AC0000000112,個別労働関係紛争の解決の促進に関する法律,1,1,False,C01_taimen_shutto:1
414AC0000000042,貨幣回収準備資金に関する法律,1,1,True,C13_baitai_shitei:1
414AC0000000081,文化財の不法な輸出入等の規制等に関する法律,1,1,False,C08_kokoku_gentei:1
414AC0000000094,独立行政法人エネルギー・金属鉱物資源機構法,1,1,False,C18_jisan_madoguchi:1
414AC0000000132,独立行政法人北方領土問題対策協会法,1,1,False,C12_taimen_koshu:1
414AC0000000161,国立研究開発法人宇宙航空研究開発機構法,1,1,False,C18_jisan_madoguchi:1
414AC0000000171,独立行政法人労働者健康安全機構法,1,1,False,C02_jicchi_kakunin:1
414AC0000000172,独立行政法人日本貿易振興機構法,1,1,False,C02_jicchi_kakunin:1
414AC0000000191,独立行政法人国立病院機構法,1,1,False,C06_sonaeoki_etsuran:1
414AC0000000192,独立行政法人医薬品医療機器総合機構法,1,1,False,C02_jicchi_kakunin:1
414AC1000000070,牛海綿状脳症対策特別措置法,1,1,False,C20_shozaichi_kankatsu:1
414AC1000000101,入札談合等関与行為の排除及び防止並びに職員による入札等の公正を害すべき行為の処罰に関する法律,1,1,False,C03_shomen_kofu:1
415AC0000000040,法科大学院への裁判官及び検察官その他の一般職の国家公務員の派遣に関する法律,1,1,False,C10_jochu_sennin:1
415AC0000000079,武力攻撃事態等及び存立危機事態における我が国の平和と独立並びに国及び国民の安全の確保に関する法律,1,1,True,C04_genpon_fukusuu:1
415AC0000000095,国立研究開発法人海洋研究開発機構法,1,1,False,C06_sonaeoki_etsuran:1
415AC0000000100,独立行政法人都市再生機構法,1,1,False,C19_kaigitai_kaisai:1
415AC0000000114,独立行政法人大学改革支援・学位授与機構法,1,1,False,C18_jisan_madoguchi:1
416AC0000000113,武力攻撃事態等及び存立危機事態におけるアメリカ合衆国等の軍隊の行動に伴い我が国が実施する措置に関する法律,1,1,False,C02_jicchi_kakunin:1
416AC0000000122,公益通報者保護法,1,1,True,C03_shomen_kofu:1
416AC1000000081,コンテンツの創造、保護及び活用の促進に関する法律,1,1,True,C13_baitai_shitei:1
417AC0000000071,独立行政法人地域医療機能推進機構法,1,1,False,C06_sonaeoki_etsuran:1
417AC1000000018,公共工事の品質確保の促進に関する法律,1,1,True,C12_taimen_koshu:1
417AC1000000063,食育基本法,1,1,False,C12_taimen_koshu:1
418AC0100000103,ドミニカ移住者に対する特別一時金の支給等に関する法律,1,1,False,C17_keiyu_teishutsu:1
418AC1000000117,観光立国推進基本法,1,1,True,C03_shomen_kofu:1
419AC0000000040,地域経済牽引事業の促進による地域の成長発展の基盤強化に関する法律,1,1,True,C13_baitai_shitei:1
419AC0000000048,農山漁村の活性化のための定住等及び地域間交流の促進に関する法律,1,1,False,C20_shozaichi_kankatsu:1
419AC0000000128,労働契約法,1,1,False,C03_shomen_kofu:1
419AC0100000103,救急医療用ヘリコプターを用いた救急医療の確保に関する特別措置法,1,1,False,C08_kokoku_gentei:1
419AC1000000063,地理空間情報活用推進基本法,1,1,True,C13_baitai_shitei:1
419AC1000000081,カネミ油症事件関係仮払金返還債権の免除についての特例に関する法律,1,1,False,C03_shomen_kofu:1
420AC0000000032,森林の間伐等の実施の促進に関する特別措置法,1,1,False,C20_shozaichi_kankatsu:1
420AC0000000084,地方税等減収補てん臨時交付金に関する法律,1,1,False,C18_jisan_madoguchi:1
420AC0100000081,障害のある児童及び生徒のための教科用特定図書等の普及の促進等に関する法律,1,1,True,C13_baitai_shitei:1
420AC1000000002,特定フィブリノゲン製剤及び特定血液凝固第ＩＸ因子製剤によるＣ型肝炎感染被害者を救済するための給付金の支給に関する特別措置法,1,1,False,C04_genpon_fukusuu:1
420AC1000000058,生物多様性基本法,1,1,True,C03_shomen_kofu:1
421AC0100000099,原爆症認定集団訴訟の原告に係る問題の解決のための基金に対する補助に関する法律,1,1,False,C18_jisan_madoguchi:1
421AC1000000037,厚生年金保険の保険給付及び国民年金の給付の支払の遅延に係る加算金の支給に関する法律,1,1,False,C09_keitai_teiji:1
422AC0000000008,租税特別措置の適用状況の透明化等に関する法律,1,1,True,C16_inshi_genkin:1
422AC0000000018,高等学校等就学支援金の支給に関する法律,1,1,False,C09_keitai_teiji:1
422AC0000000036,脱炭素社会の実現に資する等のための建築物等における木材の利用の促進に関する法律,1,1,True,C20_shozaichi_kankatsu:1
422AC0000000067,地域資源を活用した農林漁業者等による新事業の創出等及び地域の農林水産物の利用促進に関する法律,1,1,True,C12_taimen_koshu:1
423AC0000000038,国と地方の協議の場に関する法律,1,1,False,C01_taimen_shutto:1
423AC0000000125,復興庁設置法,1,1,True,C08_kokoku_gentei:1
423AC0100000091,平成二十三年原子力事故による被害に係る緊急措置に関する法律,1,1,False,C18_jisan_madoguchi:1
423AC1000000101,運輸事業の振興の助成に関する法律,1,1,False,C18_jisan_madoguchi:1
424AC0100000061,消費者教育の推進に関する法律,1,1,False,C12_taimen_koshu:1
424AC1000000080,大都市地域における特別区の設置に関する法律,1,1,False,C19_kaigitai_kaisai:1
425AC0000000078,国家公務員の配偶者同行休業に関する法律,1,1,False,C10_jochu_sennin:1
425AC0000000081,農林漁業の健全な発展と調和のとれた再生可能エネルギー電気の発電の促進に関する法律,1,1,False,C20_shozaichi_kankatsu:1
425AC0000000086,自動車の運転により人を死傷させる行為等の処罰に関する法律,1,1,False,C18_jisan_madoguchi:1
425AC0000000092,交通政策基本法,1,1,True,C03_shomen_kofu:1
425AC0000000108,特定秘密の保護に関する法律,1,1,True,C03_shomen_kofu:1
425AC1000000080,国会職員の配偶者同行休業に関する法律,1,1,False,C10_jochu_sennin:1
426AC0000000049,国立研究開発法人日本医療研究開発機構法,1,1,False,C18_jisan_madoguchi:1
426AC0000000094,小規模企業振興基本法,1,1,True,C03_shomen_kofu:1
426AC1000000085,地域自然資産区域における自然環境の保全及び持続可能な利用の推進に関する法律,1,1,False,C02_jicchi_kakunin:1
428AC0100000111,建設工事従事者の安全及び健康の確保の推進に関する法律,1,1,True,C02_jicchi_kakunin:1
430AC1000000104,成育過程にある者及びその保護者並びに妊産婦に対し必要な成育医療等を切れ目なく提供するための施策の総合的な推進に関する法律,1,1,False,C20_shozaichi_kankatsu:1
501AC1000000047,学校教育の情報化の推進に関する法律,1,1,True,C13_baitai_shitei:1
502AC0000000018,文化観光拠点施設を中核とした地域における文化観光の推進に関する法律,1,1,True,C22_techo_shohyo:1
503AC0000000040,地方公共団体情報システムの標準化に関する法律,1,1,True,C13_baitai_shitei:1
503AC0000000081,医療的ケア児及びその家族に対する支援に関する法律,1,1,False,C09_keitai_teiji:1
503AC1000000064,自然災害義援金に係る差押禁止等に関する法律,1,1,False,C18_jisan_madoguchi:1
503AC1000000074,特定石綿被害建設業務労働者等に対する給付金等の支給に関する法律,1,1,False,C01_taimen_shutto:1
504AC0000000014,二千二十五年日本国際博覧会政府代表の設置に関する臨時措置法,1,1,False,C05_oin_shomei:1
504AC0000000105,法人等による寄附の不当な勧誘の防止等に関する法律,1,1,False,C23_kyotaku_hoshokin:1
504AC0100000050,障害者による情報の取得及び利用並びに意思疎通に係る施策の推進に関する法律,1,1,True,C12_taimen_koshu:1
504AC1000000077,こども基本法,1,1,True,C20_shozaichi_kankatsu:1
505AC1000000057,良質かつ適切なゲノム医療を国民が安心して受けられるようにするための施策の総合的かつ計画的な推進に関する法律,1,1,False,C13_baitai_shitei:1
506AC0000000011,二千二十七年国際園芸博覧会政府委員の設置に関する臨時措置法,1,1,False,C05_oin_shomei:1
506AC0000000027,重要経済安保情報の保護及び活用に関する法律,1,1,True,C03_shomen_kofu:1
506AC0000000063,農業の生産性の向上のためのスマート農業技術の活用の促進に関する法律,1,1,True,C20_shozaichi_kankatsu:1
507AC0000000049,民事裁判情報の活用の促進に関する法律,1,1,True,C13_baitai_shitei:1
507AC0000000075,盗難特定金属製物品の処分の防止等に関する法律,1,1,False,C09_keitai_teiji:1
507AC1000000085,愛知・名古屋アジア競技大会及び愛知・名古屋アジアパラ競技大会に関する特別措置法,1,1,False,C14_yubin_sotatsu:1
